アイスランド,https://upload.wikimedia.org/wikipedia/commons/thumb/c/ce/Flag_of_Iceland.svg/125px-Flag_of_Iceland.svg.png,https://ja.wikipedia.org/wiki/アイスランド,",○○○（○○○語: Ísland [ˈiːstlant]\xa0( 音声ファイル) イーストラント）は、北ヨーロッパの北大西洋上に位置する共和制国家[3]。首都はレイキャヴィーク。総人口は38万7758人。グリーンランドの南東方、ブリテン諸島やデンマークの自治領であるフェロー諸島の北西に位置する。\n,○○○島を主な領土とする島国で、イギリスとのタラ戦争の舞台にもなった漁業基地であるヴェストマン諸島、北極圏上にあるグリムセイ島などの周辺の島嶼（とうしょ）も領有する。高緯度にあるためメルカトル図法[注釈 1]の地図では広大な島のように描かれるが、実際の面積は10万2828平方キロメートルと、フィリピンのルソン島（10万4688平方キロメートル）や、韓国（10万210平方キロメートル）とほぼ同じである。グレートブリテン島（約22万平方キロメートル）の約半分、または日本の北海道と四国を合わせた程度の面積である。\n,",,,,,,,,,,,,,,,,,,,,,
アイルランド,https://upload.wikimedia.org/wikipedia/commons/thumb/4/45/Flag_of_Ireland.svg/150px-Flag_of_Ireland.svg.png,https://ja.wikipedia.org/wiki/アイルランド,",○○○（愛: Éire、英: Ireland）は、北西ヨーロッパに位置し、北大西洋の○○○島の大部分を領土とする共和制国家。代替的な記述で○○○共和国（○○○きょうわこく、愛: Poblacht na hÉireann、英: Republic of Ireland）としても知られる[注釈 1]。首都はダブリン。\n,人口490万人のうち約4割がダブリン近郊に住んでいる[1]。主権国家であり、北○○○（イギリス領）とのみ陸上で国境を接している。大西洋に囲まれており、南にはケルト海、南東にはセント・ジョージ海峡、東にはアイリッシュ海がある。単一国家であり、議会共和制である[2]。立法府は、下院であるドイル・エアラン（Dáil Éireann）、上院であるシャナズ・エアラン（Seanad Éireann）、そして選挙で選ばれた大統領（Uachtarán）から構成されている。政府の長は議会で選出され、大統領によって任命された首相（Taoiseach、ティーショク、英語では「Prime Minister」とは呼ばれない）である。\n,",,,,,,,,,,,,,,,,,,,,,
アゼルバイジャン,https://upload.wikimedia.org/wikipedia/commons/thumb/d/dd/Flag_of_Azerbaijan.svg/150px-Flag_of_Azerbaijan.svg.png,https://ja.wikipedia.org/wiki/アゼルバイジャン,",○○○共和国（○○○きょうわこく、○○○語: Azərbaycan Respublikası）、通称○○○ は、ユーラシア大陸のコーカサス地方、カスピ海西岸にある国家である。首都であり最大の都市はバクー。\n,東ヨーロッパと西アジアの交差点に位置し[3]、東にカスピ海、北にロシア、北西にジョージア、西にアルメニア、南にイランに囲まれている。ナヒチェヴァンの飛び地は、北と東にアルメニア、南と西にイランに囲まれ、北西にはトルコとの国境が10km（6.2マイル）ある。\n,",,,,,,,,,,,,,,,,,,,,,
ターリバーン,https://upload.wikimedia.org/wikipedia/commons/thumb/5/5c/Flag_of_the_Taliban.svg/150px-Flag_of_the_Taliban.svg.png,https://ja.wikipedia.org/wiki/ターリバーン,", アルカーイダ\n 東トルキスタンイスラム運動\n ウズベキスタン・イスラム運動（反ISIL派） パキスタン・○○○運動\n [2]\n\xa0パキスタン(-2001年)(2021年-)[3][4]\n\xa0サウジアラビア (-2013年)[5][6]チェチェン・イチケリア共和国\n\xa0トルクメニスタン\n\xa0カタール[7][8][6]\n\xa0ロシア\n\xa0イラン[9][10][11]\n\xa0中国[12][13] \n, 北部同盟 (-2001年)\n アフガニスタン (2001-2021年）\n 民族抵抗戦線 (2021年-)\n ジュンビッシュ\n アフガニスタン・イスラム統一党 パキスタン・○○○運動(時折)\n イスラム国\n ホラーサーン州\n タジキスタン\n アメリカ合衆国\n イギリス\n 北大西洋条約機構\n オーストラリア\n,",,,,,,,,,,,,,,,,,,,,,
アメリカ合衆国,https://upload.wikimedia.org/wikipedia/commons/thumb/a/a4/Flag_of_the_United_States.svg/146px-Flag_of_the_United_States.svg.png,https://ja.wikipedia.org/wiki/アメリカ合衆国,",○○○（アメリカがっしゅうこく、英語: United States of America、英語略称: USA、United States、US、America）は、北アメリカ大陸の中央部および北西部に位置し、大西洋および太平洋に面する連邦共和国（合衆国）。通称は米国（べいこく）またはアメリカ。首都はコロンビア特別区（ワシントンD.C.）。\n,コロンビア特別区および50州から構成される[5][6]。うち大陸本土の48州は北のカナダと南のメキシコとの間の北アメリカ大陸中央に位置する。アラスカ州は北アメリカ大陸北西部の角に位置し、東ではカナダと、西ではベーリング海峡を挟んでロシアと国境を接している。ハワイ州は太平洋中部に位置する島嶼群である。アメリカは太平洋およびカリブ海に5つの有人の海外領土を有する。\n,",,,,,,,,,,,,,,,,,,,,,
アラブ首長国連邦,https://upload.wikimedia.org/wikipedia/commons/thumb/c/cb/Flag_of_the_United_Arab_Emirates.svg/150px-Flag_of_the_United_Arab_Emirates.svg.png,https://ja.wikipedia.org/wiki/アラブ首長国連邦,",○○○（アラブしゅちょうこくれんぽう、アラビア語: الإِمَارات العربِيَّة المُتَّحِدة\u200e、英: United Arab Emirates）略称UAE[3] は、中東に位置し、7つの首長国からなる連邦制国家。首都はアブダビ市[4]。\n,1959年に石油発見以降、「オイルマネー」で急速な経済発展を果たした国である。絶対君主制の下で、他国への軍事介入や内政干渉、外交的圧力などの積極的な外交政策を取っている[5]。アラビア半島の、ペルシア湾南岸およびオマーン湾西岸にあり、対岸のイランと向かい合う。東部ではオマーンと、南部および西部ではサウジアラビアと陸上国境を接する。カタールとは国境を接していないが、カタールとの間のサウジアラビアの一部地域の領有権をめぐる論争が発生している。\n,",,,,,,,,,,,,,,,,,,,,,
アルジェリア,https://upload.wikimedia.org/wikipedia/commons/thumb/7/77/Flag_of_Algeria.svg/130px-Flag_of_Algeria.svg.png,https://ja.wikipedia.org/wiki/アルジェリア,",○○○民主人民共和国（○○○みんしゅじんみんきょうわこく）、通称○○○は、北アフリカのマグリブに位置する共和制国家。東にチュニジアとリビア、南東にニジェール、南西にマリとモーリタニア、西にモロッコとサハラ・アラブ民主共和国（西サハラ）と国境を接する。北は地中海を隔ててスペインや旧宗主国のフランスと向かい合う。首都はアルジェ。\n,アフリカ世界と地中海世界とアラブ世界の一員であり、アフリカ連合とアラブ連盟と地中海連合とアラブ・マグレブ連合に加盟している。\n,",,,,,,,,,,,,,,,,,,,,,
アルゼンチン,https://upload.wikimedia.org/wikipedia/commons/thumb/1/1a/Flag_of_Argentina.svg/150px-Flag_of_Argentina.svg.png,https://ja.wikipedia.org/wiki/アルゼンチン,",'○○○政府は南極の1,000,000 km2およびマルビナス諸島の領有を主張している。\n',○○○共和国[注釈 1]（○○○きょうわこく、スペイン語: República Argentina）、通称○○○は、南アメリカ南部に位置する連邦共和制国家。位置は南米大陸から見ると南西側に位置しており、西と南にチリ、北にボリビア・パラグアイ、北東にブラジル・ウルグアイと国境を接し、東と南は大西洋に面する。ラテンアメリカではブラジルに次いで2番目に領土が大きく、世界全体でも第8位の領土面積を擁する。首都はブエノスアイレス。\n,",,,,,,,,,,,,,,,,,,,,,
アルバニア,https://upload.wikimedia.org/wikipedia/commons/thumb/3/36/Flag_of_Albania.svg/125px-Flag_of_Albania.svg.png,https://ja.wikipedia.org/wiki/アルバニア,",○○○共和国（○○○きょうわこく、○○○語: Republika e Shqipërisë）、通称○○○は、東南ヨーロッパのバルカン半島南西部に位置する共和制国家。首都はティラナ。\n,西はアドリア海に面し、対岸はイタリアである。北はモンテネグロ、北東はコソボ（コソボを独立国と認めない立場からすればセルビア）、東は北マケドニア、南はギリシャと国境を接する。\n,",,,,,,,,,,,,,,,,,,,,,
アルメニア,https://upload.wikimedia.org/wikipedia/commons/thumb/2/2f/Flag_of_Armenia.svg/150px-Flag_of_Armenia.svg.png,https://ja.wikipedia.org/wiki/アルメニア,",○○○共和国（○○○きょうわこく、○○○語: Հայաստանի Հանրապետություն）通称○○○は、ユーラシア大陸の南コーカサスの内陸国である。首都はエレバン。\n,西アジアの○○○高原に位置し[4] [5]、西にトルコ、北にジョージア、東に事実上の独立した共和国アルツァフ共和国とアゼルバイジャン、南ではイランとアゼルバイジャンの飛び地ナヒチェヴァンに国境を接する[6]。\n,",,,,,,,,,,,,,,,,,,,,,
アンゴラ,https://upload.wikimedia.org/wikipedia/commons/thumb/9/9d/Flag_of_Angola.svg/130px-Flag_of_Angola.svg.png,https://ja.wikipedia.org/wiki/アンゴラ,",○○○共和国（○○○きょうわこく、ポルトガル語: República de Angola）、通称○○○は、アフリカ南西部にある共和制国家。東はザンビア、南はナミビア、北はコンゴ民主共和国と国境を接し、西は大西洋に面する。コンゴ民主共和国を挟んで飛地のカビンダが存在し、同地の北はコンゴ共和国と接する。首都は大西洋岸のルアンダである。\n,○○○は中部アフリカならび南部アフリカに位置する[注釈 1]。現在の○○○には旧石器時代から人間が住んでいた事が判明している[3] 。アフリカ大陸においては国土面積が7位の規模を誇る国家であり、ルゾフォニアにおいては総面積と人口の両方で2番目に大きい国家といわれる[注釈 2]。\n,",,,,,,,,,,,,,,,,,,,,,
アンティグア・バーブーダ,https://upload.wikimedia.org/wikipedia/commons/thumb/8/89/Flag_of_Antigua_and_Barbuda.svg/130px-Flag_of_Antigua_and_Barbuda.svg.png,https://ja.wikipedia.org/wiki/アンティグア・バーブーダ,",○○○（英語: Antigua and Barbuda）は、カリブ海東部の小アンティル諸島にある島国。アンティグア島、バーブーダ島、レドンダ島を領土とする。首都はセントジョンズ。人口は約9.9万人。\n,イギリス連邦加盟国であり、英連邦王国の一国である。\n,",,,,,,,,,,,,,,,,,,,,,
アンドラ,https://upload.wikimedia.org/wikipedia/commons/thumb/1/19/Flag_of_Andorra.svg/127px-Flag_of_Andorra.svg.png,https://ja.wikipedia.org/wiki/アンドラ,",○○○公国（○○○こうこく）、通称○○○は、ヨーロッパ西部のピレネー山脈中に位置する立憲君主制国家。首都は○○○・ラ・ベリャ。\n,フランスとスペインに挟まれたピレネー山脈中にあり、歴史的理由によりフランス大統領とカタルーニャ（ラ・セウ・ドゥルジェイ）のウルヘル司教の2名による共同公（カタルーニャ語版、英語版）を元首とするミニ国家である。\n,",,,,,,,,,,,,,,,,,,,,,
イエメン,https://upload.wikimedia.org/wikipedia/commons/thumb/8/89/Flag_of_Yemen.svg/130px-Flag_of_Yemen.svg.png,https://ja.wikipedia.org/wiki/イエメン,",○○○共和国（○○○きょうわこく、アラビア語: الجمهورية اليمنية\u200e）、通称○○○は、中東の共和制国家である[3][4]。アラビア半島南端部に位置し、インド洋上の島々の一部も領有している。首都はサナア[3]。\n,'正式名称は、الجُمْهُوْرِيَّةُ اليَمَنِيَّة（ラテン文字転写は、al-Jumhūrīya al-Yamanīya）。アラビア語略称はاليَمَن（al-Yaman, アル＝ヤマン）。\n公式の英語表記は、Republic of Yemen。通称Yemen。国民・形容詞ともYemeni。\n',",,,,,,,,,,,,,,,,,,,,,
イギリス,https://upload.wikimedia.org/wikipedia/commons/thumb/8/83/Flag_of_the_United_Kingdom_%283-5%29.svg/150px-Flag_of_the_United_Kingdom_%283-5%29.svg.png,https://ja.wikipedia.org/wiki/イギリス,",グレートブリテン及び北アイルランド連合王国（グレートブリテンおよびきたアイルランドれんごうおうこく、英語: United Kingdom of Great Britain and Northern Ireland、英語略称: United Kingdom、UK、Britain[1]）、通称○○○は、ヨーロッパ大陸北西岸に位置し、グレートブリテン島、アイルランド島北東部その他多くの島々から成る立憲君主制国家。首都はロンドン。日本語における通称の一例として、英国（えいこく）がある（#国名を参照）。\n,イングランド、ウェールズ、スコットランド、北アイルランドという歴史的経緯に基づく4つのカントリー（「国」）が、同君連合型の単一主権国家を形成している[2]。また、2020年1月31日まで欧州連合（略称：EU）に属していたが離脱した （ブレグジットを参照）。○○○は国際連合安全保障理事会常任理事国であり、G7・G20に参加する先進国である[3]。また、経済協力開発機構、北大西洋条約機構、欧州評議会の原加盟国である[4][5][6]。\n,",,,,,,,,,,,,,,,,,,,,,
イスラエル,https://upload.wikimedia.org/wikipedia/commons/thumb/d/d4/Flag_of_Israel.svg/124px-Flag_of_Israel.svg.png,https://ja.wikipedia.org/wiki/イスラエル,",""○○○国（○○○こく、ヘブライ語:,מְדִינַת,יִשְׂרָאֵל\u200e,\xa0Medīnat,'Yisrā''el、アラビア語:',دَوْلَة,إِسْرَائِيل\u200e,dawlat,ʔisraːˈʔiːl,、英語:,State,of,Israel\xa0:,ˈɪzrɪəl,ˈɪzreɪəl,\xa0(,音声ファイル)）、通称○○○（ヘブライ語:,יִשְׂרָאֵל\u200e）は、西アジアに位置する共和制国家。北はレバノン、北東はシリア、東はヨルダン、パレスチナ国のヨルダン川西岸地区、西はパレスチナ国のガザ地区,10,、南西はエジプトと国境を接している。\n"",○○○国の「事実上の首都」はテルアビブ[11]。一方、○○○国の基本法であるエルサレム基本法によると、○○○国の「名目上の首都」はエルサレムである。しかし、エルサレムに対する○○○国の主権は、国際的には限定的にしか認められていない[12][13][14][15]。\n,",,
イタリア,https://upload.wikimedia.org/wikipedia/commons/thumb/0/03/Flag_of_Italy.svg/130px-Flag_of_Italy.svg.png,https://ja.wikipedia.org/wiki/イタリア,",○○○共和国（○○○きょうわこく、○○○語: Repubblica Italiana）、通称○○○（伊: Italia）は、南ヨーロッパに位置する共和制国家。首都はローマ。 北はスイスとオーストリア、西はフランス、 東はスロベニアと国境を接している。南は地中海に囲まれており、アルバニア、アルジェリア、クロアチア、ギリシャ、リビア、マルタ、モンテネグロ、スペイン、チュニジアと海上境界線（英語版）を共有している。また、国土には独立国であるバチカン市国とサンマリノ共和国が存在している。\n,○○○はヨーロッパにおける古代文化の発祥地の一つとして知られ、同時に世界的な文化大国の一国に数えられている。文化・学問・宗教で歴史的に影響力を発揮しており、バチカン市国を首都ローマの領域内に事実上保護し、レオナルド・ダ・ヴィンチやガリレオ、ミケランジェロ、コロンブス、マキャヴェリといった偉人たちの故国でもある。かつてのローマ帝国の中枢となる地域であり、またルネサンスやリソルジメントなどの幾つかの世界史的事象の主要な舞台となった。\n,",,,,,,,,,,,,,,,,,,,,,
イラク,https://upload.wikimedia.org/wikipedia/commons/thumb/f/f6/Flag_of_Iraq.svg/130px-Flag_of_Iraq.svg.png,https://ja.wikipedia.org/wiki/イラク,",'○○○共和国（○○○きょうわこく、アラビア語: جمهورية العراق\u200e、クルド語: كۆماری عێراق, Komarî Êraq）、通称○○○は、中東に位置する連邦共和制国家である。首都はバグダードで、サウジアラビア、クウェート、シリア、トルコ、イラン、ヨルダンと隣接する。古代メソポタミア文明を擁した土地にあり、世界第5位の原油埋蔵国である[5]。\n',チグリス川とユーフラテス川流域を中心とする世界最古の文明メソポタミア文明（シュメール文明）を擁した地である[6]。8世紀のアッバース朝は首都を○○○のバグダードに置き[6]、貿易やイスラム教の中心地として栄えた[7]。アッバース朝衰退後の10世紀からは異民族支配を受け、16世紀からはオスマン帝国の属州となった[7]。第一次世界大戦でイギリス軍に占領され、戦後イギリス委任統治領メソポタミアとなった[6]。1932年に独立王国となり、1958年の軍部クーデター「7月14日革命」で共和制になった[8]。その後もクーデターが相次ぎ、1979年からサダム・フセインの独裁体制となった。クルド人自治問題、イラン・○○○戦争や湾岸戦争の敗北、経済制裁などの難問に強権で対処したが、2003年に米英軍の攻撃を受け、政権は崩壊[7]。2005年10月に国民投票によって新憲法が承認され[6]、以降、民主選挙による政府が樹立された[9]。しばらく治安対策や復興支援のために米軍駐留が続いたが、2011年に米軍が撤収した[6]。\n,",,,,,,,,,,,,,,,,,,,,,
イラン,https://upload.wikimedia.org/wikipedia/commons/thumb/c/ca/Flag_of_Iran.svg/140px-Flag_of_Iran.svg.png,https://ja.wikipedia.org/wiki/イラン,",○○○・イスラム共和国（○○○・イスラムきょうわこく、ペルシア語: جمهوری اسلامی ایران\u200e）、通称○○○は、アジア・中東に位置するイスラム共和制国家。首都はテヘラン。\n,北西にアルメニアとアゼルバイジャン、北にカスピ海、北東にトルクメニスタン、東にアフガニスタンとパキスタン、南にペルシア湾とオマーン湾、西にトルコ、イラク（クルディスタン）と境を接する。また、ペルシア湾を挟んでクウェート、サウジアラビア、バーレーン、カタール、アラブ首長国連邦に、オマーン湾を挟んでオマーンに面する。ペルシア、ペルシャともいう。公用語はペルシア語。\n,",,,,,,,,,,,,,,,,,,,,,
インド,https://upload.wikimedia.org/wikipedia/commons/thumb/4/41/Flag_of_India.svg/130px-Flag_of_India.svg.png,https://ja.wikipedia.org/wiki/インド,",○○○（ヒンディー語: भारत、英語: India）[注釈 2] または○○○共和国（○○○きょうわこく、ヒンディー語: भारत गणराज्य、英語: Republic of India）[注釈 3] は[3]、南アジアに位置し、○○○亜大陸の大半を領して○○○洋に面する連邦共和制国家。首都はデリー（ニューデリー）[3]、最大都市はムンバイ[4]。\n,西から時計回りにパキスタン、中華人民共和国、ネパール、ブータン、ミャンマー、バングラデシュと国境を接する[5]。海を挟んで○○○本土がスリランカやモルディブと、○○○洋東部のアンダマン・ニコバル諸島が○○○ネシアやタイ南部、マレーシアに近接している。\n,",,,,,,,,,,,,,,,,,,,,,
インドネシア,https://upload.wikimedia.org/wikipedia/commons/thumb/9/9f/Flag_of_Indonesia.svg/130px-Flag_of_Indonesia.svg.png,https://ja.wikipedia.org/wiki/インドネシア,",○○○共和国（○○○きょうわこく、○○○語: Republik Indonesia）、通称○○○は、東南アジア南部に位置する共和制国家である。首都はジャカルタ。5110キロメートルと東西に非常に長く連り、赤道にまたがる地域に1万7000を超える島嶼を抱える、世界最大の群島国家である[4][5]。\n,島嶼国家であるため、その広大な領域に対して陸上の国境線で面しているのは、ティモール島における東ティモール、カリマンタン島（ボルネオ島）におけるマレーシア、ニューギニア島におけるパプアニューギニアの3国だけである。海を隔てて近接している国家は、パラオ、インド（アンダマン・ニコバル諸島）、フィリピン、シンガポール、オーストラリアなど。南シナ海南部にある○○○領ナトゥナ諸島はインドシナ半島や領有権主張が競合するスプラトリー諸島と向かい合う[6]。  \n,",,,,,,,,,,,,,,,,,,,,,
ウガンダ,https://upload.wikimedia.org/wikipedia/commons/thumb/4/4e/Flag_of_Uganda.svg/130px-Flag_of_Uganda.svg.png,https://ja.wikipedia.org/wiki/ウガンダ,",'座標: .mw-parser-output .geo-default,.mw-parser-output .geo-dms,.mw-parser-output .geo-dec{display:inline}.mw-parser-output .geo-nondefault,.mw-parser-output .geo-multi-punct,.mw-parser-output .geo-inline-hidden{display:none}.mw-parser-output .longitude,.mw-parser-output .latitude{white-space:nowrap}北緯1度 東経32度\ufeff / \ufeff北緯1度 東経32度\ufeff / 1; 32\n',○○○共和国（○○○きょうわこく、英語: Republic of Uganda、スワヒリ語: Jamhuri ya Uganda）、通称○○○は、東アフリカに位置する共和制国家で、イギリス連邦加盟国である。東にケニア、南にタンザニア、南西にルワンダ、西にコンゴ民主共和国、北に南スーダンとの国境に囲まれた内陸国である。首都はカンパラ。\n,",,,,,,,,,,,,,,,,,,,,,
ウクライナ,https://upload.wikimedia.org/wikipedia/commons/thumb/4/49/Flag_of_Ukraine.svg/130px-Flag_of_Ukraine.svg.png,https://ja.wikipedia.org/wiki/ウクライナ,",○○○（○○○語: Україна、[ʊkrɐˈjinɐ]\xa0( 音声ファイル)、英語: Ukraine[4]）は、東ヨーロッパに位置する共和制国家。首都はキーウ。東はロシア連邦、北はベラルーシ、西はポーランド、スロバキア、ハンガリー、西南はルーマニア、モルドバと国境を接しており、南は黒海に面し、トルコなどと向かい合う。\n,人口は、2021年時点で約4159万人（ロシア支配下のクリミア半島を除く）[4]で、ヨーロッパで7番目に人口の多い国である。\n,",,,,,,,,,,,,,,,,,,,,,
ウズベキスタン,https://upload.wikimedia.org/wikipedia/commons/thumb/8/84/Flag_of_Uzbekistan.svg/150px-Flag_of_Uzbekistan.svg.png,https://ja.wikipedia.org/wiki/ウズベキスタン,",○○○共和国（○○○きょうわこく、ウズベク語: Oʻzbekiston Respublikasi）、通称○○○は、中央アジアに位置する共和制国家。中央アジアの二重内陸国であり、北はカザフスタン、北東はキルギス、南東はタジキスタン、南はアフガニスタン、南西はトルクメニスタンが存在する。首都はタシュケントで、最大の都市でもある。\n,○○○はテュルク語圏の一部であり、テュルク評議会、テュルク文化国際機関、テュルク語圏諸国議会（英語版）のメンバーでもある。国連、WTO、CIS、上海協力機構（SCO）、ユーラシア経済連合、CSTO、OSCE、イスラム協力機構などの国際機関に加盟している。\n,",,,,,,,,,,,,,,,,,,,,,
ウルグアイ,https://upload.wikimedia.org/wikipedia/commons/thumb/f/fe/Flag_of_Uruguay.svg/130px-Flag_of_Uruguay.svg.png,https://ja.wikipedia.org/wiki/ウルグアイ,",○○○東方共和国（○○○とうほうきょうわこく、スペイン語: República Oriental del Uruguay）、通称○○○は、南アメリカ南東部に位置する共和制国家である。首都はモンテビデオ。北と東にブラジルと、西にアルゼンチンと国境を接しており、南は大西洋に面している。スリナムに続いて南アメリカ大陸で二番目に面積が小さい国であり、コーノ・スールの一部を占める。\n,正式名称はスペイン語で、República Oriental del Uruguay（レプブリカ・オリエンタル・デル・○○○）。通称、Uruguay [uɾuˈɣwai̯]\xa0( 音声ファイル)。\n,",,,,,,,,,,,,,,,,,,,,,
エクアドル,https://upload.wikimedia.org/wikipedia/commons/thumb/e/e8/Flag_of_Ecuador.svg/130px-Flag_of_Ecuador.svg.png,https://ja.wikipedia.org/wiki/エクアドル,",'○○○共和国（○○○きょうわこく、（スペイン語: República del Ecuador）、通称○○○は、南アメリカ大陸北西部に位置する共和制国家。北にコロンビア、東と南にペルーと国境を接し、西は太平洋に面する。本土から西に1,000キロメートルほど離れたところにガラパゴス諸島（スペイン語ではコロン諸島:Archipiélago de Colón）を領有する。首都はキトで、最大の都市はグアヤキルである。なお、国名の○○○はスペイン語で「赤道」を意味する[3]。\n',正式名称はスペイン語でRepública del Ecuador。通称Ecuador [ekwaˈðor]。\n,",,,,,,,,,,,,,,,,,,,,,
エジプト,https://upload.wikimedia.org/wikipedia/commons/thumb/f/fe/Flag_of_Egypt.svg/130px-Flag_of_Egypt.svg.png,https://ja.wikipedia.org/wiki/エジプト,",○○○・アラブ共和国（○○○・アラブきょうわこく、アラビア語:  جُمْهُورِيَّة مِصْرَ العَرَبِيَّة\u200e）、通称：○○○（アラビア語: مِصْرُ\u200e）は、中東および北アフリカに位置する共和制国家。首都はカイロ。\n,アフリカ大陸では北東端に位置し、西にリビア、南にスーダン、北東のシナイ半島ではイスラエル、パレスチナ国・ガザ地区と国境を接する。北部は地中海、東部は紅海に面している。\n,",,,,,,,,,,,,,,,,,,,,,
エストニア,https://upload.wikimedia.org/wikipedia/commons/thumb/8/8f/Flag_of_Estonia.svg/130px-Flag_of_Estonia.svg.png,https://ja.wikipedia.org/wiki/エストニア,",○○○共和国（○○○きょうわこく、○○○語: Eesti Vabariik）、通称○○○（○○○語: Eesti）は、北ヨーロッパの共和制国家[3]。首都はタリン。人口約136万人。EU、NATO加盟国。通貨はユーロ。フィンランド、ラトビア、リトアニアなどとともにバルト海東岸に位置する国のひとつである。国境は、南はラトビア、東はロシアと接する。北はフィンランド湾を挟みフィンランドと、西はバルト海を挟みスウェーデンと相対している。バルト三国の中では最も北に位置する。\n,フィンランド、ロシアとともにフィンランド湾に面する3つの国のひとつで、フィンランドから湾を挟み約90キロメートル南に位置する[注釈 1]。面積は日本の九州本島の1.23倍[注釈 2]。地形は平坦で国土の最高標高は318メートル[注釈 3]。国連の分類では北ヨーロッパの国である[注釈 4]。\n,",,,,,,,,,,,,,,,,,,,,,
エスワティニ,https://upload.wikimedia.org/wikipedia/commons/thumb/f/fb/Flag_of_Eswatini.svg/130px-Flag_of_Eswatini.svg.png,https://ja.wikipedia.org/wiki/エスワティニ,",○○○王国（○○○おうこく、スワジ語: Umbuso weSwatini、英: Kingdom of Eswatini）、通称○○○は、アフリカ大陸南部に位置する絶対君主制国家[3]。首都はムババーネである[3]。\n,イギリス連邦加盟国の一つで、周囲を南アフリカ共和国とモザンビークに囲まれた内陸国[4]。かつてはスワジランドと呼ばれていた。\n,",,,,,,,,,,,,,,,,,,,,,
エチオピア,https://upload.wikimedia.org/wikipedia/commons/thumb/7/71/Flag_of_Ethiopia.svg/150px-Flag_of_Ethiopia.svg.png,https://ja.wikipedia.org/wiki/エチオピア,",○○○連邦民主共和国[6]（○○○れんぽうみんしゅきょうわこく）、通称○○○[7]は、東アフリカの[8]アフリカの角地域に位置する[9]連邦共和制の[6]内陸国である[10]。首都はアディスアベバ[6]。\n,陸上の国境を接する国は、北が1993年に分離独立したエリトリア[11]、東がソマリア、北東がジブチ、北西がスーダン、西が南スーダン、南がケニアである[8]。アフリカ分割においてヨーロッパ諸国に植民地化されなかった[12]○○○帝国の系譜を継ぐため[7]、アフリカ最古の国と呼ばれることがある[7][8][10]。\n,",,,,,,,,,,,,,,,,,,,,,
エリトリア,https://upload.wikimedia.org/wikipedia/commons/thumb/2/29/Flag_of_Eritrea.svg/150px-Flag_of_Eritrea.svg.png,https://ja.wikipedia.org/wiki/エリトリア,",'○○○国（○○○こく、英語：State of Eritrea）[3]、通称○○○（ティグリニャ語: ኤርትራ Ertra, アラビア語: إرتريا\u200e Iritriyya）は、アフリカの角と呼ばれるアフリカ大陸北東部に位置する国家。首都はアスマラ[3][4]。\n','2023年時点でアフリカの中では2番目に若い独立国であり[5]、東アフリカと北アフリカ諸国の一つに位置づけられる。西にスーダン、南にエチオピア、南東部にジブチと国境を接する。北は紅海に面し、1,350キロメートル以上にも及ぶ長い海岸線を持ち、領海内にはダフラク諸島など約350の小島が点在する[6]。対岸側にはサウジアラビアとイエメンがある。\n',",,,,,,,,,,,,,,,,,,,,,
エルサルバドル,https://upload.wikimedia.org/wikipedia/commons/thumb/3/34/Flag_of_El_Salvador.svg/141px-Flag_of_El_Salvador.svg.png,https://ja.wikipedia.org/wiki/エルサルバドル,",○○○共和国（○○○きょうわこく、スペイン語: República de El Salvador）、通称○○○は、中央アメリカ中部に位置する、ラテンアメリカの共和制国家である。北西にグアテマラ、北と東にホンジュラスと国境を接しており、南と西は太平洋に面している[5]。中央アメリカ5か国のうち唯一、カリブ海に面していない[5]。首都はサンサルバドル[1]。\n,カリブ海の島国を除く米州大陸部全体で最小の国家であるが、歴史的に国土の開発が進んでいたこともあり、人口密度では米州最高である。\n,",,,,,,,,,,,,,,,,,,,,,
オーストラリア,https://upload.wikimedia.org/wikipedia/commons/thumb/b/b9/Flag_of_Australia.svg/150px-Flag_of_Australia.svg.png,https://ja.wikipedia.org/wiki/オーストラリア,",○○○連邦（○○○れんぽう、英: Commonwealth of Australia）[3]、通称○○○（英: Australia）[4][5] は、オセアニアに位置し、○○○大陸本土、タスマニア島及び多数の小島から成る連邦立憲君主制国家。首都はキャンベラ。\n,近隣諸国としては、北にパプアニューギニア・インドネシア・東ティモール、北東にソロモン諸島・バヌアツ、東はトンガ・ニューカレドニア・フィジー、南東2000キロメートル先にニュージーランドがある。\n,",,,,,,,,,,,,,,,,,,,,,
オーストリア,https://upload.wikimedia.org/wikipedia/commons/thumb/4/41/Flag_of_Austria.svg/130px-Flag_of_Austria.svg.png,https://ja.wikipedia.org/wiki/オーストリア,",○○○共和国（○○○きょうわこく、ドイツ語: Republik Österreich、バイエルン・○○○語: Republik Östareich）、通称○○○は、中央ヨーロッパに位置する連邦共和制国家。首都はウィーン。\n,西側はリヒテンシュタイン、スイスと、南はイタリアとスロベニア、東はハンガリーとスロバキア、北はドイツとチェコと隣接する。基本的には中欧とされるが、歴史的には西欧や東欧に分類されたことがある。\n,",,,,,,,,,,,,,,,,,,,,,
オマーン,https://upload.wikimedia.org/wikipedia/commons/thumb/d/dd/Flag_of_Oman.svg/150px-Flag_of_Oman.svg.png,https://ja.wikipedia.org/wiki/オマーン,",○○○国（○○○こく、アラビア語：سلطنة عمان）、通称○○○は、中東・西アジアに位置する絶対君主制国家。首都はマスカット[3]。\n,アラビア半島の東端にあり、アラビア海（インド洋）と○○○湾に面する。北西にアラブ首長国連邦（UAE）、西にサウジアラビア、南西にイエメンと隣接し、更にUAEを挟んだムサンダム半島先端部に飛地（ムサンダム特別行政区）を擁する。石油輸出ルートとして著名な、ペルシャ湾とアラビア海を結ぶホルムズ海峡の航路も○○○飛地の領海内にある。\n,",,,,,,,,,,,,,,,,,,,,,
オランダ,https://upload.wikimedia.org/wikipedia/commons/thumb/2/20/Flag_of_the_Netherlands.svg/130px-Flag_of_the_Netherlands.svg.png,https://ja.wikipedia.org/wiki/オランダ,",'○○○（○○○語: Nederland 発音:\xa0[ˈneːdərlɑnt], [ˈneɪ̯dərlɑnt]\xa0( 音声ファイル), 西フリジア語: Nederlân, パピアメント語: Hulanda）は、西ヨーロッパに位置する立憲君主制国家。東はドイツ、南はベルギーと国境を接し、北と西は北海に面する。ベルギー、ルクセンブルクと合わせてベネルクスと呼ばれる。憲法上の首都はアムステルダム（事実上の首都はデン・ハーグ）。\n',カリブ海のアルバ、キュラソー、シント・マールテンと共に○○○王国を構成している。それ以外にも、カリブ海に海外特別自治領としてBES諸島と呼ばれる、ボネール島、シント・ユースタティウス島、サバ島がある。\n,",,,,,,,,,,,,,,,,,,,,,
ガーナ,https://upload.wikimedia.org/wikipedia/commons/thumb/1/19/Flag_of_Ghana.svg/130px-Flag_of_Ghana.svg.png,https://ja.wikipedia.org/wiki/ガーナ,",○○○共和国（○○○きょうわこく）、通称○○○は、西アフリカにある共和制国家。イギリス連邦加盟国。東はトーゴ、北はブルキナファソ、西はコートジボワールと国境を接し、南は大西洋に面する。首都はアクラ。\n,○○○は脱植民地化が活発であった最中の1957年、サハラ以南のアフリカにおいて初めて現地人が中心となってヨーロッパの宗主国から独立を達成した国家である。\n,",,,,,,,,,,,,,,,,,,,,,
カーボベルデ,https://upload.wikimedia.org/wikipedia/commons/thumb/3/38/Flag_of_Cape_Verde.svg/137px-Flag_of_Cape_Verde.svg.png,https://ja.wikipedia.org/wiki/カーボベルデ,",○○○共和国（かーぼべるできょうわこく）、通称○○○は、大西洋の中央、北西アフリカの西沖合のマカロネシアに位置するバルラヴェント諸島とソタヴェント諸島からなる共和制の国家。首都はプライアである。\n,○○○は群島で構成されている島国で15世紀までは無人の状態であったが、ポルトガルの探検家によりこの群島が発見されて以降に入植計画が立ち上げられ、熱帯地方における最初期のヨーロッパ人入植地として確立したのを機に15世紀から1975年までポルトガル領となった。独立に際してアフリカ大陸部のギニアビサウと連邦を形成する計画があったが、1980年に同国で発生したクーデターによって頓挫し、現在に至っている。\n,",,,,,,,,,,,,,,,,,,,,,
ガイアナ,https://upload.wikimedia.org/wikipedia/commons/thumb/9/99/Flag_of_Guyana.svg/137px-Flag_of_Guyana.svg.png,https://ja.wikipedia.org/wiki/ガイアナ,",○○○協同共和国（○○○きょうどうきょうわこく、英語: Co-operative Republic of Guyana）、通称○○○は、南アメリカ大陸北東部に位置する共和制国家で、イギリス連邦加盟国の一つ。東にスリナム、西にベネズエラ、南にブラジルと国境を接し、北はカリブ海、大西洋に面する。首都はジョージタウンである。\n,○○○はその多様な文化と豊かな自然環境で知られている。国土の多くが熱帯雨林で覆われ、生物多様性に富み、多様な動植物が存在する。また、この国はカリブ海地域に属しているため、カリブ海の文化的要素も豊かに持っている。\n,",,,,,,,,,,,,,,,,,,,,,
カザフスタン,https://upload.wikimedia.org/wikipedia/commons/thumb/d/d3/Flag_of_Kazakhstan.svg/150px-Flag_of_Kazakhstan.svg.png,https://ja.wikipedia.org/wiki/カザフスタン,",'○○○共和国（○○○きょうわこく、Kazakhstan、カザフ語: Қазақстан Республикасы, Qazaqstan Respublikasy, قازاقستان رەسپۋبلىيكاسى [4]）、通称○○○は、中央アジアに位置する共和制国家。西と北でロシア連邦、東で中華人民共和国（中国）、南でキルギス、ウズベキスタン、トルクメニスタンと国境を接する国家で、南西は世界最大の湖カスピ海に面している。首都はアスタナ（2019年から2022年までは初代大統領のヌルスルタン・ナザルバエフのファーストネームにちなんだ「ヌルスルタン」へ名称変更）で、1997年に国内最大の都市アルマトイから遷都した[5]。\n',○○○は、領土が中央アジアのみにある国家としては経済的、政治的に最も支配的な存在であり、石油・天然ガスを中心とする資源に恵まれ[5]、中央アジアの国内総生産（GDP）の60%を生み出している。国土面積は272万4900平方キロメートルと世界第9位[5]で、世界で最も広い内陸国であり、イスラム教徒が多数派を占める国としても世界最も広大かつ最北端である。人口は約1900万人[5]で、人口密度は世界でも低い国の一つであり、1平方キロメートルあたり6人以下（1平方マイルあたり15人）である。\n,",,,,,,,,,,,,,,,,,,,,,
カタール,https://upload.wikimedia.org/wikipedia/commons/thumb/6/65/Flag_of_Qatar.svg/169px-Flag_of_Qatar.svg.png,https://ja.wikipedia.org/wiki/カタール,",○○○国（○○○こく、アラビア語: دَوْلَةُ قَطَر\u200e、Dawlat Qaṭar、ダウラト・カタル）、通称○○○は、西アジアに位置する国家。中東のアラビア半島北東部に位置する○○○半島を領土とし、南はサウジアラビアと国境を接し、残りの領土はペルシャ湾に囲まれている。ペルシャ湾の入り江であるバーレーン湾が、○○○とバーレーンを隔てている。首都は国民の8割以上が住むドーハで、国土の大部分は平坦な低地の砂漠で構成されている。\n,1868年にムハンマド・ビン・サーニーがイギリスと条約を結び、独立国としての地位を認められて以来、○○○はサーニー家による世襲君主制国家として統治されてきた。オスマン帝国の支配を経て、20世紀初頭にはイギリスの保護領となり、1971年に独立した。現在の首長はタミーム・ビン・ハマドで、○○○憲法に基づき、行政・立法のほぼすべての権限を持ち、司法も支配している[3]。首相と内閣は首長が任命する。一部選挙で選ばれた諮問評議会は、立法を阻止することができ、大臣を解任する能力も限られている。\n,",,,,,,,,,,,,,,,,,,,,,
カナダ,https://upload.wikimedia.org/wikipedia/commons/thumb/c/cf/Flag_of_Canada.svg/150px-Flag_of_Canada.svg.png,https://ja.wikipedia.org/wiki/カナダ,",○○○（英・仏: Canada、英語発音: /ˈkænədə/ \xa0聞く[ヘルプ/ファイル]、フランス語発音: /kanada/）は、北アメリカ大陸北部に位置する連邦立憲君主制国家。イギリス連邦加盟国で、英連邦王国の一つである。10の州と3の準州からなり、首都はオタワ[4]。\n,国土面積は約998.5万平方キロメートルで、ロシア連邦に次いで世界で2番目に広い[4]。\n,",,,,,,,,,,,,,,,,,,,,,
ガボン,https://upload.wikimedia.org/wikipedia/commons/thumb/0/04/Flag_of_Gabon.svg/122px-Flag_of_Gabon.svg.png,https://ja.wikipedia.org/wiki/ガボン,",○○○共和国（○○○きょうわこく、フランス語: République gabonaise）、通称○○○（フランス語: Gabon）は、中部アフリカに位置する共和制国家。北西に赤道ギニア、北にカメルーン、南と東にコンゴ共和国と国境を接し、西は大西洋のギニア湾に面している。首都はリーブルヴィルである。\n,正式名称はフランス語で République Gabonaise （レピュブリク・ガボネーズ）。通称 Gabon（○○○）。\n,",,,,,,,,,,,,,,,,,,,,,
カメルーン,https://upload.wikimedia.org/wikipedia/commons/thumb/4/4f/Flag_of_Cameroon.svg/130px-Flag_of_Cameroon.svg.png,https://ja.wikipedia.org/wiki/カメルーン,",○○○共和国（○○○きょうわこく）、通称○○○は、アフリカ大陸西部に位置する共和制国家である。\n,西にナイジェリア、北東にチャド、東に中央アフリカ共和国、南東にコンゴ共和国、南にガボン、南西は赤道ギニアに隣接する。首都はヤウンデ。国土の南西部が大西洋のギニア湾に面している。\n,",,,,,,,,,,,,,,,,,,,,,
大韓民国,https://upload.wikimedia.org/wikipedia/commons/thumb/0/09/Flag_of_South_Korea.svg/130px-Flag_of_South_Korea.svg.png,https://ja.wikipedia.org/wiki/大韓民国,",○○○（だいかんみんこく、韓: 대한민국、英: Republic of Korea）、通称韓国（かんこく、韓: 한국、英: South Korea）は、東アジアに位置する共和制国家。首都はソウル特別市[6]。\n,北部の軍事境界線で北朝鮮と国境を接し、西は黄海、東は日本海に面する。\n,",,,,,,,,,,,,,,,,,,,,,
ガンビア,https://upload.wikimedia.org/wikipedia/commons/thumb/7/77/Flag_of_The_Gambia.svg/130px-Flag_of_The_Gambia.svg.png,https://ja.wikipedia.org/wiki/ガンビア,",○○○共和国（○○○きょうわこく、英語: Republic of the Gambia）、通称○○○は、西アフリカ西岸に位置する共和制国家。イギリス連邦加盟国であり（2018年に復帰[5]）、西は○○○川の河口がある北大西洋に面している。陸地部分の国境はすべてセネガルと接している。言い換えれば、海に面した西側以外でセネガルに取り囲まれている。首都はバンジュールで、最大の都市はセレクンダである。\n,公用語である英語では Republic of the Gambia。通称 Gambia [ˈɡæmbiə]\xa0( 音声ファイル)。\n,",,,,,,,,,,,,,,,,,,,,,
カンボジア,https://upload.wikimedia.org/wikipedia/commons/thumb/8/83/Flag_of_Cambodia.svg/130px-Flag_of_Cambodia.svg.png,https://ja.wikipedia.org/wiki/カンボジア,",○○○王国（○○○おうこく、クメール語: ព្រះរាជាណាចក្រកម្ពុជា）、通称○○○は、東南アジアのインドシナ半島南部に位置する立憲君主制国家[8]。東南アジア諸国連合加盟国であり、通貨はリエルである[8]。人口1671万人、首都はプノンペン都。\n,南はタイランド湾に面し、西はタイ、北はラオス、東はベトナムと国境を接する。国民の90%以上が、クメール語（○○○語）を話し、仏教（上座部仏教）を奉ずるクメール人（○○○人）である。国歌は『王国』である。\n,",,,,,,,,,,,,,,,,,,,,,
朝鮮民主主義人民共和国,https://upload.wikimedia.org/wikipedia/commons/thumb/5/51/Flag_of_North_Korea.svg/150px-Flag_of_North_Korea.svg.png,https://ja.wikipedia.org/wiki/朝鮮民主主義人民共和国,",""○○○（ちょうせんみんしゅしゅぎじんみんきょうわこく、朝:,조선민주주의인민공화국、英:,Democratic,'People''s',Republic,of,Korea,DPRK）、通称北朝鮮（きたちょうせん、英:,North,Korea）は、東アジアに位置する社会主義共和制国家,6,。首都は平壌市,7,。\n"",1953年7月に朝鮮戦争休戦協定が締結されて以来、朝鮮半島は38度線を境に北側の北朝鮮と南側の大韓民国 （以下、韓国）に分断され、ドイツ再統一以後は双方が国連に加盟している国家では唯一の冷戦分断国家となった。朝鮮労働党による一党独裁体制下にあり、軍事境界線を挟み韓国と、豆満江や鴨緑江を挟んで中華人民共和国及びロシアと接している。\n,",,,,,,,,
北マケドニア共和国,https://upload.wikimedia.org/wikipedia/commons/thumb/7/79/Flag_of_North_Macedonia.svg/150px-Flag_of_North_Macedonia.svg.png,https://ja.wikipedia.org/wiki/北マケドニア共和国,",○○○（きたマケドニアきょうわこく、マケドニア語: Република Северна Македонија、アルバニア語: Republika e Maqedonisë së Veriut）、通称北マケドニア（マケドニア語: Северна Македонија、アルバニア語: Maqedonia e Veriut）は、東南ヨーロッパのバルカン半島南部に1991年に建国された共和国。前身はユーゴスラビア連邦の構成国であった。南はギリシャ、東はブルガリア、西はアルバニア、北はセルビアおよびコソボと、四方を他国に囲まれた内陸国である。\n,○○○は、地理的にはマケドニアと呼ばれてきた地域の内の北西部にあり、現在ではマケドニア地域全体の約4割を占めている。残りの約5割はギリシャに、約1割はブルガリアに属している。また、歴史上、○○○の多数民族はマケドニア人と自称・他称されるが、彼らはスラヴ語の話し手で南スラヴ人の一派であり、ギリシャ系の言語を話していたと考えられる古代マケドニア王国の人々と直接の連続性はない。これらの理由から、1991年の独立当初の国名（マケドニア共和国）をめぐり、ギリシャとの間で後述するような国名論争（マケドニア呼称問題）が生じた。\n,",,,,,,,,,,,,,,,,,,,,,
ギニア,https://upload.wikimedia.org/wikipedia/commons/thumb/e/ed/Flag_of_Guinea.svg/130px-Flag_of_Guinea.svg.png,https://ja.wikipedia.org/wiki/ギニア,",○○○共和国（○○○きょうわこく）、通称○○○は、西アフリカにある共和制国家。北にセネガル、北西に○○○ビサウ、北東にマリ、南にシエラレオネ、リベリア、南東にコートジボワールと国境を接し、西は大西洋に面する。首都はコナクリである[3]。\n,旧フランス植民地帝国の中でも、1958年に他の植民地に先駆けて国民投票で独立した国家の一つ。\n,",,,,,,,,,,,,,,,,,,,,,
ギニアビサウ,https://upload.wikimedia.org/wikipedia/commons/thumb/0/01/Flag_of_Guinea-Bissau.svg/150px-Flag_of_Guinea-Bissau.svg.png,https://ja.wikipedia.org/wiki/ギニアビサウ,",○○○共和国（○○○きょうわこく）、通称○○○は、西アフリカにある共和制国家。北はセネガル、南と南東はギニアと国境を接し、西は大西洋に面する。首都はビサウである。\n,○○○はアフリカ大陸西端部に位置する。かつてはカアブ帝国（英語版）の一部であり、マリ帝国の一部を構成する地域でもあった[3] 。これらの帝国の一部は18世紀まで存続していたが、16世紀以降からその幾つかの地域はポルトガル帝国の支配下に置かれることになった。\n,",,,,,,,,,,,,,,,,,,,,,
キプロス,https://upload.wikimedia.org/wikipedia/commons/thumb/d/d4/Flag_of_Cyprus.svg/130px-Flag_of_Cyprus.svg.png,https://ja.wikipedia.org/wiki/キプロス,",○○○共和国（○○○きょうわこく、ギリシア語: Κυπριακή Δημοκρατία、トルコ語: Kıbrıs Cumhuriyeti）は、地中海東部に位置する○○○島の大部分を占める共和制国家。首都はニコシア。EU加盟国。公用語はギリシア語およびトルコ語。\n,○○○島の一部は、イギリス海外領土のアクロティリおよびデケリアであり、共和国領ではない。さらに1974年以来、南北に分断され、島の北部約37%を、国際的にはトルコのみが承認する「独立国家」であるトルコ系住民による北○○○・トルコ共和国が占めている。一方の○○○共和国は国際連合加盟国193か国のうち、192か国（トルコを除く）が国家承認している。\n,",,,,,,,,,,,,,,,,,,,,,
キューバ,https://upload.wikimedia.org/wikipedia/commons/thumb/b/bd/Flag_of_Cuba.svg/150px-Flag_of_Cuba.svg.png,https://ja.wikipedia.org/wiki/キューバ,",'○○○共和国（○○○きょうわこく、西: República de Cuba）/レプブリカ・デ・クバ/、通称○○○は、カリブ海の大アンティル諸島（西インド諸島の一部）に位置する共和制国家。首都はハバナ[3]。人口は10,985,974人 (2023年現在) 。\n',○○○共産党による一党独裁体制が敷かれている[4]。政治思想としてはマルクス・レーニン主義（ソ連のスターリンが考案）とホセ・マルティ思想を採用している。\n,",,,,,,,,,,,,,,,,,,,,,
ギリシャ,https://upload.wikimedia.org/wikipedia/commons/thumb/5/5c/Flag_of_Greece.svg/130px-Flag_of_Greece.svg.png,https://ja.wikipedia.org/wiki/ギリシャ,",'○○○共和国（○○○きょうわこく、ギリシア語: Ελληνική Δημοκρατία）、通称○○○は、南ヨーロッパに位置する共和制国家。2011年の国勢調査[3]によると、○○○の人口は約1,081万人、面積は日本の約3分の1である。アテネは首都および最大都市であり、テッサロニキは第2の都市および中央マケドニアの州都である。\n','○○○の地理はヨーロッパの南東端にあり、アジアおよびアフリカとの交差点にある。バルカン半島南端に位置し、国境は北西にアルバニア、北に北マケドニア共和国とブルガリア、東にトルコ（陸は北東、島嶼は南東）と接する。同国は9つの地理的地域からなり、マケドニア、中央○○○、ペロポネソス半島、テッサリア、イピロス、ドデカネス諸島およびキクラデス諸島を含むエーゲ海諸島、西トラキア、クレタ島、イオニア諸島がこれに該当する。本土の東にはエーゲ海、西にはイオニア海、南には地中海がそれぞれ位置する。同国の多数の島嶼のうち227島には居住者がおり、海岸線は全長1万3,676キロで地中海盆地最長かつ世界第11位である。国土の80％は山岳地帯であり、オリンポス山は2,917メートルで同国最高峰である。\n',",,,,,,,,,,,,,,,,,,,,,
キリバス,https://upload.wikimedia.org/wikipedia/commons/thumb/d/d3/Flag_of_Kiribati.svg/150px-Flag_of_Kiribati.svg.png,https://ja.wikipedia.org/wiki/キリバス,",○○○共和国（○○○きょうわこく）、通称○○○は、太平洋上に位置するギルバート諸島、フェニックス諸島、そしてライン諸島の一部などを領土とする国家で、イギリス連邦加盟国である。\n,○○○は33の環礁からなり、それらは赤道付近に350万平方キロメートルにもわたって散らばっている。そのために世界第3位に相当する排他的経済水域を有している（ただし、陸地が少なく領海や接続水域も少ないため、これらを含めると15位にも入らない）。世界で最も早く日付が変わる国の一つでもある[注釈 1]。\n,",,,,,,,,,,,,,,,,,,,,,
キルギス,https://upload.wikimedia.org/wikipedia/commons/thumb/c/c7/Flag_of_Kyrgyzstan.svg/137px-Flag_of_Kyrgyzstan.svg.png,https://ja.wikipedia.org/wiki/キルギス,",○○○共和国（○○○きょうわこく、○○○語: Кыргыз Республикасы、ロシア語: Кыргызская Республика）、通称○○○は、中央アジアに位置する共和制国家。かつての正式国名は○○○タン（○○○語・ロシア語: Кыргызстан）であり、改称以降も現地語での通称として公式に認められている。首都であり最大の都市はビシュケクである。\n,ソビエト連邦の崩壊に伴い独立した。内陸国で、カザフスタン、中華人民共和国、タジキスタン、ウズベキスタンと国境を接する。\n,",,,,,,,,,,,,,,,,,,,,,
グアテマラ,https://upload.wikimedia.org/wikipedia/commons/thumb/e/ec/Flag_of_Guatemala.svg/134px-Flag_of_Guatemala.svg.png,https://ja.wikipedia.org/wiki/グアテマラ,",○○○共和国（○○○きょうわこく、スペイン語: República de Guatemala）、通称○○○は、中央アメリカ北部に位置する共和制国家である。北にメキシコ、北東にベリーズ、東にホンジュラス、南東にエルサルバドルと国境を接しており、北東はカリブ海に、南は太平洋に面する。人口は約1720万人[3][4]で、中央アメリカでは最も人口の多い国であり、アメリカ大陸では11番目に人口の多い国である。○○○は間接民主主義国家である。首都および最大都市はヌエバ・○○○・デ・ラ・アスンシオンで、○○○シティとしても知られ、中央アメリカ最大の都市である。\n,メソアメリカ大陸に広がっていたマヤ文明の中心は、歴史的に現在の○○○の領土を拠点としていた。16世紀、この地域の大部分はスペインに征服され、ニュースペイン総督領の一部として領有権を主張した。1821年、○○○はスペインとメキシコから独立した。1823年に中央アメリカ連邦共和国の一部となったが、1841年に解散した。\n,",,,,,,,,,,,,,,,,,,,,,
クウェート,https://upload.wikimedia.org/wikipedia/commons/thumb/a/aa/Flag_of_Kuwait.svg/150px-Flag_of_Kuwait.svg.png,https://ja.wikipedia.org/wiki/クウェート,",○○○国（○○○こく、アラビア語: دولة الكويت\u200e）、通称○○○は、西アジア・中東に位置する立憲君主制国家。首都は○○○市。\n,1990年にイラクに一時占領された（湾岸危機）。北と西にイラク、南にサウジアラビア、東にペルシャ湾がある。\n,",,,,,,,,,,,,,,,,,,,,,
クック諸島,https://upload.wikimedia.org/wikipedia/commons/thumb/3/35/Flag_of_the_Cook_Islands.svg/150px-Flag_of_the_Cook_Islands.svg.png,https://ja.wikipedia.org/wiki/クック諸島,",○○○（クックしょとう、英: Cook Islands）は、オセアニア東部、ポリネシア東部にある24の珊瑚環礁と火山島からなる立憲君主制国家。ニュージーランドと自由連合形態をとり、ニュージーランド王国の構成国の一つである。米領サモアとタヒチのあるフランス領ポリネシアの間にある15の島々からなっている。鹿児島県徳之島ほどの面積に約2万人の人々が暮らしている。\n,主権国家と同等の内政を行い独自の外交を行っているが、国防および外交の最終責任をニュージーランドが有し、国民も同国の市民権（国籍）を保持しており、国家の三要素の内「主権」と「人民」を完全には満たさないため、国家承認していない国が多い。\n,",,,,,,,,,,,,,,,,,,,,,
グレナダ,https://upload.wikimedia.org/wikipedia/commons/thumb/b/bc/Flag_of_Grenada.svg/137px-Flag_of_Grenada.svg.png,https://ja.wikipedia.org/wiki/グレナダ,",○○○（英語: Grenada、○○○・クレオール語: Gwenad）は、カリブ海の小アンティル諸島南部にある立憲君主制国家。首都はセントジョージズである。\n,英連邦王国のひとつであり、イギリス連邦加盟国。島国であり、海を隔てて北にセントビンセントおよびグレナディーン諸島、北東にバルバドス、南にトリニダード・トバゴとベネズエラがある。\n,",,,,,,,,,,,,,,,,,,,,,
クロアチア,https://upload.wikimedia.org/wikipedia/commons/thumb/1/1b/Flag_of_Croatia.svg/150px-Flag_of_Croatia.svg.png,https://ja.wikipedia.org/wiki/クロアチア,",○○○共和国（○○○きょうわこく、○○○語: Republika Hrvatska）、通称○○○は、南ヨーロッパ、バルカン半島にある共和制国家である。首都はザグレブ。\n,本土では西にスロベニア、北にハンガリー、東にボスニア・ヘルツェゴビナ、セルビアと国境を接している。南はアドリア海に面し、対岸はイタリア、飛び地のドゥブロヴニクでは東にモンテネグロと接している。\n,",,,,,,,,,,,,,,,,,,,,,
ケニア,https://upload.wikimedia.org/wikipedia/commons/thumb/4/49/Flag_of_Kenya.svg/130px-Flag_of_Kenya.svg.png,https://ja.wikipedia.org/wiki/ケニア,",○○○共和国（○○○きょうわこく）、通称○○○は、東アフリカに位置する共和制国家で、イギリス連邦加盟国である。北にエチオピア、北西に南スーダン、西にウガンダ、南にタンザニア、東にソマリアと国境を接し、南東はインド洋に面する。\n,首都のナイロビはアフリカ大陸有数の世界都市で、国際連合環境計画と国際連合人間居住計画の本部が置かれている。\n,",,,,,,,,,,,,,,,,,,,,,
コートジボワール,https://upload.wikimedia.org/wikipedia/commons/thumb/f/fe/Flag_of_C%C3%B4te_d%27Ivoire.svg/130px-Flag_of_C%C3%B4te_d%27Ivoire.svg.png,https://ja.wikipedia.org/wiki/コートジボワール,",""○○○共和国（○○○きょうわこく）、通称○○○（Côte,'d''Ivoire）は、西アフリカの共和制国家である。東はガーナ、北はブルキナファソ、マリ、西はギニア、リベリアと国境を接し、南は大西洋に面する。首都はヤムスクロだが、ほとんどの首都機能は旧首都のアビジャンに所在している。\n""',かつて日本では意訳による漢字表記で「象牙海岸共和国」（ぞうげかいがんきょうわこく）と呼ばれていたが、後述の理由から現在は使用されていない。\n,",,,,,,,,,,,,,,,,,,,,
コスタリカ,https://upload.wikimedia.org/wikipedia/commons/thumb/f/f2/Flag_of_Costa_Rica.svg/137px-Flag_of_Costa_Rica.svg.png,https://ja.wikipedia.org/wiki/コスタリカ,",'○○○共和国（○○○きょうわこく、スペイン語: República de Costa Rica）、通称○○○は、中央アメリカ南部に位置する共和制国家。北にニカラグア、南東にパナマと国境を接しており、南は太平洋、北はカリブ海に面している。首都はサンホセである。国土面積は51,060 km2で、人口は約500万人[3][4]である。首都であり最大都市であるサンホセには推定333,980人が住んでおり、周辺の都市圏には約200万人が住んでいる。\n',中央アメリカにおいては数少ない、長年にわたり安定した民主主義政治を維持している国で、高い教育を受けた労働者が多いことでも知られている[5]。教育予算が国家予算に占める割合は、世界平均が4.4％であるのに対し、同国はおよそ6.9％（2016年）である[6]。かつては農業に大きく依存していたが、現在は金融、外資系企業向けサービス、製薬、エコツーリズムなど多角的な経済活動を行っている。○○○の自由貿易地域（FTZ）には、多くの外資系製造業やサービス業が進出しており、投資や税制上の優遇措置の恩恵を受けている[7]。\n,",,,,,,,,,,,,,,,,,,,,,
コソボ,https://upload.wikimedia.org/wikipedia/commons/thumb/1/1f/Flag_of_Kosovo.svg/130px-Flag_of_Kosovo.svg.png,https://ja.wikipedia.org/wiki/コソボ,",○○○共和国[8]（○○○きょうわこく、アルバニア語: Republika e Kosovës）は、バルカン半島中部の内陸部に位置する国家。北東をセルビア、南東を北マケドニア、南西をアルバニア、北西をモンテネグロに囲まれている。略称KOS[9]。国際連合（UN）には未加盟であるが、2016年7月時点で113の国連加盟国が国家として承認している。\n,面積は1万887平方キロメートル（日本の岐阜県に相当）。国民の9割以上はアルバニア人で、他にセルビア人などが暮らす。人口は約180万人で、その3分の1は首都プリシュティナに集まっていると推定されている[8]。\n,",,,,,,,,,,,,,,,,,,,,,
コモロ,https://upload.wikimedia.org/wikipedia/commons/thumb/9/94/Flag_of_the_Comoros.svg/137px-Flag_of_the_Comoros.svg.png,https://ja.wikipedia.org/wiki/コモロ,",○○○連合（○○○れんごう、フランス語: Union des Comores）、通称○○○は、インド洋の○○○諸島のグランド○○○島（ンジャジジャ島）、アンジュアン島（ヌズワニ島）、モヘリ島（ムワリ島）で構成される連邦共和制国家。○○○政府はフランス領マヨット島（マオレ島）の領有権も主張している。海を隔てて西にはモザンビークがあり、東南にはマダガスカルがある。首都であるモロニはグランド○○○島に位置している。\n,1975年7月6日、フランスから独立したものの頻繁にクーデターが発生し、1990年代には2島が独立宣言を行い国家解体の危機に陥った。その影響から経済が低迷し後発開発途上国および小島嶼開発途上国に指定されている。現在も近海ではたびたびシーラカンスが捕獲される。\n,",,,,,,,,,,,,,,,,,,,,,
コロンビア,https://upload.wikimedia.org/wikipedia/commons/thumb/2/21/Flag_of_Colombia.svg/130px-Flag_of_Colombia.svg.png,https://ja.wikipedia.org/wiki/コロンビア,",○○○共和国（○○○きょうわこく、スペイン語: República de Colombia）、通称○○○は、南アメリカ北西部に位置する共和制国家である。東にベネズエラ、南東にブラジル、南にペルー、南西にエクアドル、北西にパナマと国境を接しており、北はカリブ海、西は太平洋に面している。南アメリカ大陸で唯一、太平洋と大西洋の2つの大洋に面した国である。首都はボゴタ。\n,○○○は非常に多様な環境と文化、民族（88の部族と200の言語集団）を持つ国であり、ヨーロッパからの入植者、アフリカ人の奴隷の末裔、ヨーロッパ人が渡来する前からの先住民族が混在している。ヨーロッパ、中東、アジアからの移民が19世紀から20世紀の間に多く移住した[4]。\n,",,,,,,,,,,,,,,,,,,,,,
コンゴ共和国,https://upload.wikimedia.org/wikipedia/commons/thumb/9/92/Flag_of_the_Republic_of_the_Congo.svg/130px-Flag_of_the_Republic_of_the_Congo.svg.png,https://ja.wikipedia.org/wiki/コンゴ共和国,",○○○（コンゴきょうわこく）は、中部アフリカに位置する共和制国家。東にコンゴ民主共和国、北にカメルーンと中央アフリカ共和国、西にガボン、南にアンゴラの飛地カビンダと国境を接している。首都はブラザヴィルである。\n,同国はバントゥー語で「山」を意味するコンゴと呼ばれる地域の一部から成り立っている。\n,",,,,,,,,,,,,,,,,,,,,,
コンゴ民主共和国,https://upload.wikimedia.org/wikipedia/commons/thumb/6/6f/Flag_of_the_Democratic_Republic_of_the_Congo.svg/130px-Flag_of_the_Democratic_Republic_of_the_Congo.svg.png,https://ja.wikipedia.org/wiki/コンゴ民主共和国,",○○○（コンゴみんしゅきょうわこく、仏: République démocratique du Congo）は、中部アフリカに位置する共和制国家。首都はキンシャサ特別州。\n,北西にコンゴ共和国、南西にアンゴラ、南にザンビア、東にタンザニア、ブルンジ、ルワンダ、北東にウガンダ、南スーダン、北に中央アフリカ共和国と国境を接し、西は大西洋に面する。かつてはザイールと称していた。\n,",,,,,,,,,,,,,,,,,,,,,
サウジアラビア,https://upload.wikimedia.org/wikipedia/commons/thumb/0/0d/Flag_of_Saudi_Arabia.svg/130px-Flag_of_Saudi_Arabia.svg.png,https://ja.wikipedia.org/wiki/サウジアラビア,",○○○王国（○○○おうこく、アラビア語: المملكة العربية السعودية\u200e）、通称○○○は、中東・西アジアに位置する絶対君主制国家。首都はリヤド。\n,世界2位の原油埋蔵量を持つ国であり、世界最大級の石油輸出国でもある。イスラム教最大の聖地メッカ（マッカ）と第2のマディーナ（メディナ）を擁する。世界銀行の定義では高所得国に分類され、アラブ諸国で唯一G20に加盟しているが、産業の多様性には乏しく、天然資源開発が主要産業となっている。\n,",,,,,,,,,,,,,,,,,,,,,
サモア,https://upload.wikimedia.org/wikipedia/commons/thumb/3/31/Flag_of_Samoa.svg/150px-Flag_of_Samoa.svg.png,https://ja.wikipedia.org/wiki/サモア,",""○○○独立国（○○○どくりつこく、○○○語:,Mālō,'Sa''oloto','Tuto''atasi',o,Samoa、英:,Independent,State,of,Samoa）、通称○○○は、南太平洋（オセアニア）に位置し、ウポル島、サバイイ島および7つの小島からなる国家。首都はウポル島北部にあるアピアである。\n"",イギリス連邦加盟国のひとつ。○○○諸島のうち、西経171度線を境として西側に位置する。この経度を境にアメリカ領○○○と○○○独立国に分割されているが、住民も文化も同じポリネシア系である。\n,",,,,,,,,,,,,
サントメ・プリンシペ,https://upload.wikimedia.org/wikipedia/commons/thumb/0/0a/Flag_of_S%C3%A3o_Tom%C3%A9_and_Pr%C3%ADncipe.svg/150px-Flag_of_S%C3%A3o_Tom%C3%A9_and_Pr%C3%ADncipe.svg.png,https://ja.wikipedia.org/wiki/サントメ・プリンシペ,",○○○民主共和国（○○○みんしゅきょうわこく、ポルトガル語: República Democrática de São Tomé e Príncipe、英語: Democratic Republic of Sao Tome and Principe）、通称：○○○（ポルトガル語: São Tomé e Príncipe、英語: Sao Tome and Principe）は、大西洋の一部であるギニア湾に浮かぶ火山島であるサントメ島、プリンシペ島、そしてその周辺の島々からなる共和制の島国である。首都のサントメはサントメ島に存在する。\n,○○○は大西洋上に位置するもののアフリカの国々の1つに数えられており、中部アフリカに該当する国となっている。\n,",,,,,,,,,,,,,,,,,,,,,
ザンビア,https://upload.wikimedia.org/wikipedia/commons/thumb/0/06/Flag_of_Zambia.svg/130px-Flag_of_Zambia.svg.png,https://ja.wikipedia.org/wiki/ザンビア,",'○○○共和国（○○○きょうわこく）、通称○○○は、アフリカ大陸南部に位置する共和制国家。首都はルサカ。かつてはイギリス領北ローデシアであった地域で、独立後もイギリス連邦加盟国であり、公用語は英語である。内陸国であり、コンゴ民主共和国、タンザニア、マラウイ、モザンビーク、ジンバブエ、ナミビア、アンゴラ、ボツワナの8カ国と隣接している[注釈 1]。国の人口は1,735万人（2018年：世界銀行）。世界平和度指数ランキング（2018年）では163か国中48位となり、アフリカで最も平和な国の一つとして評価されている。\n',○○○と南隣のジンバブエとの国境に流れるザンベジ川には世界三大瀑布の一つと称されるヴィクトリアの滝があり、アフリカを代表する動物、ゾウ、カバ、キリン、シマウマ、ヌーも多く住み、大自然が残されている。一方で、北部のカッパーベルトには銅鉱山が多数存在し、独立以前から銅の生産を主産業とする大鉱産国である[4]。\n,",,,,,,,,,,,,,,,,,,,,,
サンマリノ,https://upload.wikimedia.org/wikipedia/commons/thumb/b/b1/Flag_of_San_Marino.svg/122px-Flag_of_San_Marino.svg.png,https://ja.wikipedia.org/wiki/サンマリノ,",○○○共和国（○○○きょうわこく、伊: Repubblica di San Marino）、通称○○○は、イタリア半島の中東部に位置する共和制国家[1]。首都は○○○市[1]。国土の周囲は全てイタリアで囲まれた[1]内陸国で、国土の面積は61.2平方キロメートル[2]（日本の東京都世田谷区[2]や十和田湖（青森県・秋田県）とほぼ同じ[4]）で、世界で5番目に小さなミニ国家である[5]。また、現存する世界最古の共和国と考えられており[2][6]、同国もそれを誇りとしている[7]。1700年間、一度も戦争をしたことがない[8]。\n,欧州連合（EU）には加盟していない[2]。\n,",,,,,,,,,,,,,,,,,,,,,
シエラレオネ,https://upload.wikimedia.org/wikipedia/commons/thumb/1/17/Flag_of_Sierra_Leone.svg/130px-Flag_of_Sierra_Leone.svg.png,https://ja.wikipedia.org/wiki/シエラレオネ,",○○○共和国（○○○きょうわこく）、通称○○○は、西アフリカの西部、大西洋岸に位置する共和制国家でイギリス連邦加盟国である。北にギニア、南東にリベリアと国境を接し、南西は大西洋に面する。首都はフリータウン。\n,奴隷制から解放された黒人たちの移住地として1808年にイギリスの植民地となり、1961年に独立した。\n,",,,,,,,,,,,,,,,,,,,,,
ジブチ,https://upload.wikimedia.org/wikipedia/commons/thumb/3/34/Flag_of_Djibouti.svg/130px-Flag_of_Djibouti.svg.png,https://ja.wikipedia.org/wiki/ジブチ,",○○○共和国（○○○きょうわこく）、通称○○○は、アフリカ北東部に位置する共和制国家。首都は○○○市。公用語はアラビア語でアラビア半島に極めて近くアラブ連盟の加盟国であるため、中東に含まれる場合もある。エリトリア、エチオピア、ソマリアと接し、紅海、アデン湾に面する。\n,正式名称はフランス語で、République de Djibouti（レピュブリク・ドゥ・ヂブティ）。通称、Djibouti（ヂブティ）。アラビア語で、جمهورية جيبوتي（jumhūrīyat jībūtī; ジュムフーリーヤ・ジーブーティー）。\n,",,,,,,,,,,,,,,,,,,,,,
ジャマイカ,https://upload.wikimedia.org/wikipedia/commons/thumb/0/0a/Flag_of_Jamaica.svg/150px-Flag_of_Jamaica.svg.png,https://ja.wikipedia.org/wiki/ジャマイカ,",○○○（英語: Jamaica 英語発音: [dʒəˈmeɪkə]\xa0( 音声ファイル)）は、カリブ海地域に位置する立憲君主制国家である。首都はキングストン。\n,中央アメリカ、カリブ海の大アンティル諸島にある島国で、英連邦王国の一国。また、イギリス連邦加盟国でもある。北にはキューバとケイマン諸島が、東には○○○海峡を隔ててイスパニョーラ島に位置するハイチとドミニカ共和国がある。\n,",,,,,,,,,,,,,,,,,,,,,
ジョージア,https://upload.wikimedia.org/wikipedia/commons/thumb/0/0f/Flag_of_Georgia.svg/130px-Flag_of_Georgia.svg.png,https://upload.wikimedia.org/wikipedia/commons/0/0f/Flag_of_Georgia.svg/130px-Flag_of_Georgia.svg.png,https://ja.wikipedia.org/wiki/ジョージア,(国),",ジョージア（グルジア語: საქართველო、IPA:\xa0[sakʰartʰʷelo]\xa0( 音声ファイル)、グルジア語ラテン翻字: Sakartvelo、カナ: サカルトヴェロ[3]、英語: Georgia）は、ユーラシア大陸の南コーカサスにある共和制国家。首都はトビリシである[4]。ヨーロッパとアジアの境にあり、東ヨーロッパ[5][6][7]と西アジア[7][8]のいずれにも区分されることがある。北はロシア連邦、南東はアゼルバイジャン、南はアルメニアとトルコと接し、西は黒海に面する。\n,ロシア内戦中の1921年にグルジア民主共和国が赤軍に占領され、以後ソビエト連邦を構成するグルジア共和国とされたが、ソビエト連邦の崩壊に伴い1991年4月に共和国として独立を回復した[9]。\n,",,,,,,,,,,,,,,,,,,,
シリアの国旗,https://upload.wikimedia.org/wikipedia/commons/thumb/1/14/Flag_of_the_Syrian_revolution.svg/130px-Flag_of_the_Syrian_revolution.svg.png,https://ja.wikipedia.org/wiki/シリアの国旗,",○○○（デ・ファクト）は、2011年から2024年にかけてシリア内戦で旧反体制派が使用していた「革命旗」のデザインを踏襲したもので、1932年に制定されたシリア第一共和国時代の「独立旗」（independence flag）のデザインが元となっている。2024年のアサド政権崩壊後に発足した暫定政権によって、事実上、○○○として扱われており、トルコ、ロシア、日本等各国に設置されたシリア大使館においても旧政権のものに代わって掲揚されている[1][2][3][4]。\n,なお、それまでのアサド政権（バアス党政権）時代の国旗は、1980年に制定されたもので、1958年から1961年にかけてのアラブ連合共和国時代のデザインを踏襲したものであった。\n,",,,,,,,,,,,,,,,,,,,,,
シンガポール,https://upload.wikimedia.org/wikipedia/commons/thumb/4/48/Flag_of_Singapore.svg/130px-Flag_of_Singapore.svg.png,https://ja.wikipedia.org/wiki/シンガポール,",○○○共和国（○○○きょうわこく、英語: Republic of Singapore[4]、マレー語: Republik Singapura、簡体字: 新加坡共和国; 繁体字: 新加坡共和國、タミル語: சிங்கப்பூர் குடியரசு）、通称○○○は、東南アジアに位置し、○○○島および60以上の小規模な島々からなる[5]共和制国家[6]。都市国家である[7][8]。アジア四小龍のうちの一国。\n,同国は、北はジョホール海峡により半島マレーシアから、南は○○○海峡によりインドネシアのリアウ諸島州からおのおの切り離されている。同国は高度に都市化され、原初の現存植生はほとんどない。○○○の領土は一貫して埋立てにより拡大してきた。\n,",,,,,,,,,,,,,,,,,,,,,
ジンバブエ,https://upload.wikimedia.org/wikipedia/commons/thumb/6/6a/Flag_of_Zimbabwe.svg/150px-Flag_of_Zimbabwe.svg.png,https://ja.wikipedia.org/wiki/ジンバブエ,",○○○共和国（○○○きょうわこく、英: Republic of Zimbabwe）、通称○○○は、アフリカ大陸の南部に位置する共和制国家。首都はハラレ。\n,内陸国であり、モザンビーク、ザンビア、ボツワナ、南アフリカ共和国に隣接する。なお、地図を一見すると接しているように見えるナミビアとは、ザンビア、ボツワナを挟んで150メートルほど離れている。2003年に脱退するまでイギリス連邦の加盟国だった。\n,",,,,,,,,,,,,,,,,,,,,,
スイス,https://upload.wikimedia.org/wikipedia/commons/thumb/f/f3/Flag_of_Switzerland.svg/106px-Flag_of_Switzerland.svg.png,https://ja.wikipedia.org/wiki/スイス,",○○○連邦（○○○れんぽう、独: Schweizerische Eidgenossenschaft、仏: Confédération Suisse、伊: Confederazione Svizzera）、通称○○○は、中央ヨーロッパに位置する連邦共和制国家[1]。歴史によって、西欧に分類されることもある。\n,ドイツ、フランス、イタリア、オーストリア、リヒテンシュタインに囲まれた内陸に位置し、国内には多くの国際機関の本部が置かれている。首都はベルンで、主要都市にはチューリッヒ、ジュネーヴ、バーゼル、ローザンヌなどがある。永世中立国であるが、欧州自由貿易連合に加盟しているほか、バチカン市国の衛兵は○○○傭兵が務めている。日本語表記の○○○はフランス語名に由来している[1]。\n,",,,,,,,,,,,,,,,,,,,,,
スウェーデン,https://upload.wikimedia.org/wikipedia/commons/thumb/4/4c/Flag_of_Sweden.svg/134px-Flag_of_Sweden.svg.png,https://ja.wikipedia.org/wiki/スウェーデン,",'○○○王国（○○○おうこく、○○○語: Konungariket Sverige, 発音\xa0[²koːnɵŋaˌriːkɛt ¹svɛːrjɛ]\xa0( 音声ファイル)）、通称○○○は、北ヨーロッパのスカンディナヴィア半島に位置する立憲君主制国家。首都はストックホルム。1995年に欧州連合（EU）に加盟しているが、ユーロは導入していない。北欧諸国のひとつであり、西にノルウェー、東がフィンランド、南はデンマークと国境を接しており、バルト海を挟む形でバルト三国やポーランドとも接している。\n',人口は約1045万人（2021年12月○○○統計庁による）[1]。北欧諸国では最多の人口を有する。住民の大半は北方ゲルマン系（○○○人）だが、北部には少数のサーミ人とフィン人が暮らす[5]。宗教は国教であるルーテル教会が大多数を占める[6]。言語は○○○語が公用語であり、他にサーミ語やフィンランド語などが存在する[6]。\n,",,,,,,,,,,,,,,,,,,,,,
スーダン,https://upload.wikimedia.org/wikipedia/commons/thumb/0/01/Flag_of_Sudan.svg/150px-Flag_of_Sudan.svg.png,https://ja.wikipedia.org/wiki/スーダン,",○○○共和国（○○○きょうわこく、アラビア語: جمهورية السودان\u200e、英語: Republic of the Sudan）、通称○○○は、北東アフリカに位置する共和制国家である。首都はハルツーム。国境を接する隣国は北がエジプト、北西がリビア、西がチャドと中央アフリカ、南が南○○○、南東がエチオピアとエリトリア。東側は紅海に面しており、その対岸側にはサウジアラビアがある。\n,アルジェリア、コンゴ民主共和国に次いでアフリカ大陸で3位の面積を有する。2011年7月に南○○○共和国が分離独立する前は、面積250万5813平方キロメートルとアフリカ大陸最大の国土を有していた。\n,",,,,,,,,,,,,,,,,,,,,,
スペイン,https://upload.wikimedia.org/wikipedia/commons/thumb/9/9a/Flag_of_Spain.svg/130px-Flag_of_Spain.svg.png,https://ja.wikipedia.org/wiki/スペイン,",○○○王国（○○○おうこく、西: Reino de España）、もしくは○○○国（○○○こく、西: Estado español）、通称○○○（西: España）は、南ヨーロッパのイベリア半島に位置し、同半島の大部分を占める議会君主制国家。首都はマドリード。総人口は約4859万2909人。○○○本土以外に、西地中海のバレアレス諸島やアルボラン海のアルボラン島、大西洋のカナリア諸島、北アフリカの飛地領土のセウタとメリリャを有しており、モロッコ沿岸部にもいくつか領土がある（プラサス・デ・ソベラニア）。その他の主要都市部にはバルセロナ、バレンシア、サラゴサなどがある。\n,西にポルトガル、南にイギリス領ジブラルタル、北東にフランスとアンドラ、アフリカ大陸にあるセウタとメリリャではモロッコと陸上国境を接する。現在、欧州連合加盟国においては人口率の高さが第4位となっている。\n,",,,,,,,,,,,,,,,,,,,,,
スリナム,https://upload.wikimedia.org/wikipedia/commons/thumb/6/60/Flag_of_Suriname.svg/130px-Flag_of_Suriname.svg.png,https://ja.wikipedia.org/wiki/スリナム,",○○○共和国（○○○きょうわこく、オランダ語: Republiek Suriname）、通称○○○は、南アメリカの北東部に位置する共和制国家。東にフランス領ギアナ、西にガイアナ、南にブラジルと国境を接し、北はカリブ海、大西洋に面する。首都はパラマリボである。\n,○○○はかつてはオランダ領ギアナとして知られており、南北アメリカの独立国家では唯一のオランダ語圏でもある[注釈 1]。南部にはギアナ高地につながる山地があり、面積、人口ともに南アメリカで最小の独立国である。\n,",,,,,,,,,,,,,,,,,,,,,
スリランカ,https://upload.wikimedia.org/wikipedia/commons/thumb/1/11/Flag_of_Sri_Lanka.svg/150px-Flag_of_Sri_Lanka.svg.png,https://ja.wikipedia.org/wiki/スリランカ,",'○○○民主社会主義共和国（○○○みんしゅしゃかいしゅぎきょうわこく）、通称○○○は、南アジアのインド亜大陸の南東にポーク海峡を隔てて位置する共和制国家。旧国称はセイロンで、現在もこの国が占める主たる島をセイロン島と呼ぶ。最大都市はコロンボで、首都はコロンボ郊外に位置するスリ・ジャヤワルダナプラ・コッテ。人口は約2,167万人（2018年）である[3]。\n',1948年2月4日にイギリスから自治領（英連邦王国）のセイロンとして独立。1972年には○○○共和国に改称し、英連邦内の共和国となり、1978年から現在の国名となった。\n,",,,,,,,,,,,,,,,,,,,,,
スロバキア,https://upload.wikimedia.org/wikipedia/commons/thumb/e/e6/Flag_of_Slovakia.svg/130px-Flag_of_Slovakia.svg.png,https://ja.wikipedia.org/wiki/スロバキア,",○○○共和国（○○○きょうわこく、○○○語: Slovenská republika、通称○○○）は、中央ヨーロッパの共和制国家。首都はブラチスラヴァ。北西にチェコ、北にポーランド、東にウクライナ、南にハンガリー、南西にオーストリアと隣接する。\n,国体が常に激しく変化して来た歴史を持つ国家の一つである。古代にはサモ王国[注釈 1]（623年 - 658年）・モラヴィア王国として独立を保った期間もあったが、この地のスラブ人は1000年間少数民族としてハンガリー王国の支配下に置かれていた。ハンガリーにとっても歴史的に重要な地域であり、多くのハンガリー人の出身地、ハンガリー貴族の発祥地でもある（元来スラブ系で、ハンガリー文化に同化した者も多い）。\n,",,,,,,,,,,,,,,,,,,,,,
スロベニア,https://upload.wikimedia.org/wikipedia/commons/thumb/f/f0/Flag_of_Slovenia.svg/150px-Flag_of_Slovenia.svg.png,https://ja.wikipedia.org/wiki/スロベニア,",○○○共和国（○○○きょうわこく、○○○語: Slovenija: \xa0[sloˈveːnija]）、通称○○○は、中央ヨーロッパに位置する国[1]。首都はリュブリャナ[2]。主要なヨーロッパの文化や交易の交差路である[3][4]。\n,'○○○は、西はイタリア、北はオーストリア、南や南東はクロアチア、北東でハンガリーとそれぞれ国境を接している[5]。国土面積は20,273平方キロメートル (7,827\xa0sq\xa0mi)で、205万人の人口を擁する[6]。議会制共和国で、欧州連合や北大西洋条約機構の加盟国である[7]。○○○はアルプス山脈とディナル・アルプス山脈、地中海のアドリア海沿岸部というヨーロッパの4つの大きな地理に接している[8][9]。\n',",,,,,,,,,,,,,,,,,,,,,
セーシェル,https://upload.wikimedia.org/wikipedia/commons/thumb/f/fc/Flag_of_Seychelles.svg/150px-Flag_of_Seychelles.svg.png,https://ja.wikipedia.org/wiki/セーシェル,",'座標: .mw-parser-output .geo-default,.mw-parser-output .geo-dms,.mw-parser-output .geo-dec{display:inline}.mw-parser-output .geo-nondefault,.mw-parser-output .geo-multi-punct,.mw-parser-output .geo-inline-hidden{display:none}.mw-parser-output .longitude,.mw-parser-output .latitude{white-space:nowrap}南緯4度37分0秒 東経55度27分0秒\ufeff / \ufeff南緯4.61667度 東経55.45000度\ufeff / -4.61667; 55.45000\n',○○○共和国（○○○きょうわこく）、通称○○○は、アフリカ大陸から1300 kmほど離れたインド洋に浮かぶ115の島々からなる島国で、イギリス連邦加盟国である。首都はヴィクトリア。\n,",,,,,,,,,,,,,,,,,,,,,
赤道ギニア,https://upload.wikimedia.org/wikipedia/commons/thumb/3/31/Flag_of_Equatorial_Guinea.svg/130px-Flag_of_Equatorial_Guinea.svg.png,https://ja.wikipedia.org/wiki/赤道ギニア,",○○○共和国（せきどうギニアきょうわこく、República de Guinea Ecuatorial）、通称○○○は、中部アフリカの共和制国家。ギニア湾に浮かぶビオコ島、アンノボン島、および大陸部のリオ・ムニ（ンドウェ語（フランス語版）: ンビニ）とエロベイ・グランデ島、およびエロベイ・チコ島を併せたエロベイ諸島を領土とする。首都はマラボ。\n,大陸部のリオ・ムニは、北はカメルーン、南と東はガボンと接する。首都のマラボはビオコ島に位置している。\n,",,,,,,,,,,,,,,,,,,,,,
セネガル,https://upload.wikimedia.org/wikipedia/commons/thumb/f/fd/Flag_of_Senegal.svg/130px-Flag_of_Senegal.svg.png,https://ja.wikipedia.org/wiki/セネガル,",○○○共和国（○○○きょうわこく、フランス語: République du Sénégal [ʁepyblik dy seneɡal]）、通称○○○は、西アフリカ、サハラ砂漠西南端に位置する共和制をとる国家。北東にモーリタニア、東にマリ、南東にギニア、南にギニアビサウと国境を接している。また、ガンビア川の岸に沿った細長い国土を持つガンビアとも国境を接し、○○○は同国を陸上から囲んでいる。これによって○○○の南部のカザマンス地方は、残りの地域から隔てられている。西は大西洋に面し、カーボベルデと海上の国境を接している。領内にはアフリカ大陸最西端で、カーボベルデの国名の由来となっているベルデ岬を抱えている。○○○の経済的・政治的首都はダカールである。\n,○○○は旧世界（アフロ・ユーラシア）の大陸部における最西の国である[3]。\n,",,,,,,,,,,,,,,,,,,,,,
セルビア,https://upload.wikimedia.org/wikipedia/commons/thumb/f/ff/Flag_of_Serbia.svg/130px-Flag_of_Serbia.svg.png,https://ja.wikipedia.org/wiki/セルビア,",○○○共和国（○○○きょうわこく）、通称○○○は、東南ヨーロッパ、バルカン半島中西部の内陸に位置する共和制国家。首都はベオグラード。北にハンガリー、北東にルーマニア、南東にブルガリア、西にボスニア・ヘルツェゴビナ、南にコソボ、北マケドニア、南西にモンテネグロと国境を接している。また、同国のヴォイヴォディナ自治州部は西にクロアチアが接している。\n,○○○は、かつて存在したユーゴスラビアに属していた地域の中央に位置しており、政治的にもその中心となる国家であった。\n,",,,,,,,,,,,,,,,,,,,,,
セントクリストファー・ネイビス,https://upload.wikimedia.org/wikipedia/commons/thumb/f/fe/Flag_of_Saint_Kitts_and_Nevis.svg/130px-Flag_of_Saint_Kitts_and_Nevis.svg.png,https://ja.wikipedia.org/wiki/セントクリストファー・ネイビス,",○○○連邦（○○○れんぽう）、またはセントキッツ・ネイビス連邦は、西インド諸島の小アンティル諸島内のリーワード諸島にあるセントクリストファー島（セントキッツ島）とネイビス島の2つの島からなる、英連邦王国の一国を形成する立憲君主制連邦国家。島国であり、海を隔てて北西にイギリス領アンギラ、東にアンティグア・バーブーダ、南西にイギリス領モントセラトが存在する。首都はバセテール。\n,英連邦王国およびイギリス連邦加盟国。面積と人口は共に南北中アメリカにおいて一番小さく、ミニ国家のひとつに数えられる。独立年も一番新しく、2021年現在で英連邦王国の最後の加盟国である。\n,",,,,,,,,,,,,,,,,,,,,,
セントビンセント・グレナディーン,https://upload.wikimedia.org/wikipedia/commons/thumb/6/6d/Flag_of_Saint_Vincent_and_the_Grenadines.svg/130px-Flag_of_Saint_Vincent_and_the_Grenadines.svg.png,https://ja.wikipedia.org/wiki/セントビンセント・グレナディーン,",セントビンセント及びグレナディーン諸島（セントビンセントおよびグレナディーンしょとう、英: Saint Vincent and the Grenadines）、通称○○○は、カリブ海の小アンティル諸島にある立憲君主制国家。火山島のセントビンセント島と珊瑚礁のグレナディーン諸島から成る。首都はキングスタウン。\n,イギリス連邦加盟国であり、英連邦王国のひとつ。北にセントルシア、東にバルバドス、南西にグレナダが存在する。\n,",,,,,,,,,,,,,,,,,,,,,
セントルシア,https://upload.wikimedia.org/wikipedia/commons/thumb/9/9f/Flag_of_Saint_Lucia.svg/150px-Flag_of_Saint_Lucia.svg.png,https://ja.wikipedia.org/wiki/セントルシア,",○○○（英語: Saint Lucia）は、カリブ海にある立憲君主制国家。ウィンドワード諸島中央部にある○○○島を領土とする島国で、海を隔てて北にフランス領マルティニーク、南にセントビンセント・グレナディーン、南東にバルバドスがある。首都はカストリーズ。英連邦王国の一国で、イギリス連邦加盟国である。\n,正式名称は Saint Lucia （イギリス英語: [sənt luˈsiːə]\xa0( 音声ファイル) セント・ルシィア・[sənt ˈluːʃə]、アメリカ英語: [seɪnt ˈluːʃə]\xa0( 音声ファイル) セイント・ルーシャ）。\n,",,,,,,,,,,,,,,,,,,,,,
ソマリア,https://upload.wikimedia.org/wikipedia/commons/thumb/a/a0/Flag_of_Somalia.svg/130px-Flag_of_Somalia.svg.png,https://ja.wikipedia.org/wiki/ソマリア,",○○○連邦共和国（○○○れんぽうきょうわこく）、通称○○○は、東アフリカのアフリカの角と呼ばれる地域を領域とする国家。エチオピア、ケニアおよびジブチと国境を接し、インド洋とアデン湾に面する。\n,1991年勃発の内戦により国土は分断され、事実上の無政府状態が続いていた。のちにエチオピアの軍事支援を受けた暫定政権が発足し、現在では正式な政府が成立したが、依然として一部地域を他の国家であると主張する政府が統治している。現在の国土は○○○連邦共和国政府が統治する中南部と、91年に独立宣言した旧英領のソマリランド共和国（首都ハルゲイサ、国際的に未承認、東部地域でプントランドと領土紛争）の北部、おもに南部に展開するイスラム急進派アッシャバーブ支配域に大きく3分割されている。\n,",,,,,,,,,,,,,,,,,,,,,
ソロモン諸島,https://upload.wikimedia.org/wikipedia/commons/thumb/7/74/Flag_of_the_Solomon_Islands.svg/150px-Flag_of_the_Solomon_Islands.svg.png,https://ja.wikipedia.org/wiki/ソロモン諸島,",○○○（ソロモンしょとう、英: Solomon Islands）は、南太平洋のメラネシアに位置する立憲君主制国家。イギリス連邦の一員にして英連邦王国の一国である。首都はガダルカナル島にあるホニアラ。\n,オーストラリアの北東、パプアニューギニアの東にある。北にはナウル、東にはツバル、南東にはフィジー、南にはバヌアツがある。地理的には○○○に属するブーゲンビル島はパプアニューギニア領である。\n,",,,,,,,,,,,,,,,,,,,,,
タイ王国,https://upload.wikimedia.org/wikipedia/commons/thumb/a/a9/Flag_of_Thailand.svg/130px-Flag_of_Thailand.svg.png,https://ja.wikipedia.org/wiki/タイ王国,",○○○（タイおうこく、タイ語: ราชอาณาจักรไทย Ratcha Anachak Thai [râːt.tɕʰā ʔāːnāːtɕàk tʰāj]）、通称タイ（タイ語: ประเทศไทย Prathet Thai [pràtʰêːt tʰaj]\xa0( 音声ファイル)）は、東南アジアに位置する立憲君主制国家。首都はバンコク都。\n,東南アジア諸国連合（ASEAN）加盟国、通貨はバーツ、人口6609万人（2022年、\n内務省による）である。\n,",,,,,,,,,,,,,,,,,,,,,
タジキスタン,https://upload.wikimedia.org/wikipedia/commons/thumb/d/d0/Flag_of_Tajikistan.svg/150px-Flag_of_Tajikistan.svg.png,https://ja.wikipedia.org/wiki/タジキスタン,",○○○共和国（○○○きょうわこく、タジク語: Ҷумҳурии Тоҷикистон）、通称○○○は、中央アジアに位置する共和制国家。首都はドゥシャンベである。内陸国で、南にアフガニスタン、東に中華人民共和国、北にキルギス、西にウズベキスタンと国境を接する。また、パキスタンとはアフガニスタンのワハーン回廊によって隔てられている。\n,ソビエト連邦の崩壊に伴い独立し、ロシア連邦など旧ソ連諸国による独立国家共同体（CIS）などに参加している。人口は現時点で約1千万人程度[5]。\n,",,,,,,,,,,,,,,,,,,,,,
タンザニア,https://upload.wikimedia.org/wikipedia/commons/thumb/3/38/Flag_of_Tanzania.svg/130px-Flag_of_Tanzania.svg.png,https://ja.wikipedia.org/wiki/タンザニア,",○○○連合共和国（○○○れんごうきょうわこく）、通称○○○は、東アフリカにある共和制国家。イギリス連邦加盟国。ケニア、ウガンダ、ルワンダ、ブルンジ、ザンビア、マラウイ、モザンビークと国境を接し、タンガニーカ湖対岸にはコンゴ民主共和国があり、またインド洋に面する。\n,1996年に立法府の議事堂が法律上の新首都ドドマに移転されたが、その他の政府官庁は旧首都ダルエスサラームにある。\n,",,,,,,,,,,,,,,,,,,,,,
チェコ,https://upload.wikimedia.org/wikipedia/commons/thumb/c/cb/Flag_of_the_Czech_Republic.svg/130px-Flag_of_the_Czech_Republic.svg.png,https://ja.wikipedia.org/wiki/チェコ,",○○○共和国（○○○きょうわこく、○○○語: Česká republika）、通称○○○は、中央ヨーロッパ[注釈 1]にある共和制国家。首都はプラハである。\n,国土は東西に細長い六角形に近い形をしており、北はポーランド、東はスロバキア、南はオーストリア、西はドイツと国境を接する。\n,",,,,,,,,,,,,,,,,,,,,,
チャド,https://upload.wikimedia.org/wikipedia/commons/thumb/4/4b/Flag_of_Chad.svg/130px-Flag_of_Chad.svg.png,https://ja.wikipedia.org/wiki/チャド,",○○○共和国（○○○きょうわこく、フランス語: République du Tchad 発音: [tʃa(d)]、アラビア語: جمهوريّة تشاد\u200e）、通称○○○は、アフリカ大陸中央部に位置する内陸国。首都はンジャメナである。国土は東はスーダン、南は中央アフリカ、南西はカメルーンとナイジェリア、西はニジェール、北はリビアに接している。\n,正式名称はフランス語で République du Tchad（レピュブリク・デュ・○○○）。通称 Tchad （○○○）。アラビア語で جمهورية تشاد （Jumhūriyyat Tshād）。\n,",,,,,,,,,,,,,,,,,,,,,
中央アフリカ共和国,https://upload.wikimedia.org/wikipedia/commons/thumb/6/6f/Flag_of_the_Central_African_Republic.svg/130px-Flag_of_the_Central_African_Republic.svg.png,https://ja.wikipedia.org/wiki/中央アフリカ共和国,",○○○（ちゅうおうアフリカきょうわこく、フランス語: République centrafricaine、サンゴ語: Ködörösêse tî Bêafrîka）、通称中央アフリカは、アフリカ中央部にある国家である。北東はスーダン、東は南スーダン、南はコンゴ民主共和国、南西はコンゴ共和国、西はカメルーン、北はチャドと国境を接する内陸国。首都はバンギである。\n,人口は492万人ほどで、独立以来クーデターが多発しており政情は常に不安定の状態である。その影響から経済は低迷し続けており、後発開発途上国あるいは失敗国家のひとつに数えられる。\n,",,,,,,,,,,,,,,,,,,,,,
中華人民共和国,https://upload.wikimedia.org/wikipedia/commons/thumb/f/fa/Flag_of_the_People%27s_Republic_of_China.svg/130px-Flag_of_the_People%27s_Republic_of_China.svg.png,https://ja.wikipedia.org/wiki/中華人民共和国,",○○○（ちゅうかじんみんきょうわこく、簡体字: 中华人民共和国; 繁体字: 中華人民共和國; 拼音: Zhōnghuá Rénmín Gònghéguó\xa0聞く）、通称中国（ちゅうごく、拼音: Zhōngguó）は、東アジアに位置する社会主義共和制国家。首都は北京市。\n,中華ソビエト共和国としてはじまった○○○は、中華民国統治下の中国で1921年7月に結党された中国共産党がソビエト連邦の支援を受けながら、国共合作・日中戦争[注釈 1]・国共内戦を経て中華民国政府を台湾へ放逐[注釈 2] し、1949年10月1日に毛沢東中国共産党主席が北京市天安門広場で建国宣言を行ったことで成立した。\n,",,,,,,,,,,,,,,,,,,,,,
中華民国,https://upload.wikimedia.org/wikipedia/commons/thumb/7/72/Flag_of_the_Republic_of_China.svg/130px-Flag_of_the_Republic_of_China.svg.png,https://ja.wikipedia.org/wiki/中華民国,",\n,○○○（ちゅうかみんこく、繁: 中華民國、注音: ㄓㄨㄥ ㄏㄨㄚˊ ㄇㄧㄣˊ ㄍㄨㄛˊ、ウェード式: Chung-hua Min-kuo、英: Republic of China[5]）は、東アジアに位置する共和制国家。実効支配している領土の大半が台湾島であることと、中華人民共和国が「一つの中国」原則を唱えている政治情勢により、台湾（たいわん、繁: 臺灣／台灣、注音: ㄊㄞˊㄨㄢ、英: Taiwan）が通称として国際的にしばしば使用されている。現在（1949年以降）の首都は台北市。\n,",,,,,,,,,,,,,,,,,,,,,
チュニジア,https://upload.wikimedia.org/wikipedia/commons/thumb/c/ce/Flag_of_Tunisia.svg/130px-Flag_of_Tunisia.svg.png,https://ja.wikipedia.org/wiki/チュニジア,",○○○共和国（○○○きょうわこく、アラビア語: الجمهورية التونسية\u200e）、通称○○○は、北アフリカのマグリブに位置する共和制国家。西にアルジェリア、南東にリビアと国境を接し、北と東は地中海に面する。地中海対岸の北東・東にはイタリア領土のパンテッレリーア島やランペドゥーザ島、シチリア島がある。地中海の島国マルタとも近い。首都はチュニス[3]。\n,アフリカ世界と地中海世界とアラブ世界の一員であり、アフリカ連合とアラブ連盟と地中海連合、アラブ・マグレブ連合に加盟している。\n,",,,,,,,,,,,,,,,,,,,,,
チリ,https://upload.wikimedia.org/wikipedia/commons/thumb/7/78/Flag_of_Chile.svg/130px-Flag_of_Chile.svg.png,https://ja.wikipedia.org/wiki/チリ,",○○○共和国（○○○きょうわこく、スペイン語: República de Chile）、通称○○○は、南アメリカ大陸南西部に位置する共和制国家。国土はアンデス山脈西側で南北に細長く、東にアルゼンチン、北東にボリビア、北にペルーと隣接する。西は南太平洋、南はフエゴ島を挟んでドレーク海峡に面している。首都はサンティアゴ。アルゼンチンとともに南アメリカ最南端に位置し、国土の大部分がコーノ・スールの域内に収まる。太平洋上に浮かぶフアン・フェルナンデス諸島や、サン・フェリクス島、サン・アンブロシオ島およびポリネシアのサラ・イ・ゴメス島、パスクア島（イースター島）などの離島も領有しており、さらにアルゼンチンやイギリスなどと同様に「○○○領南極」として125万平方キロメートルにも及ぶ南極の領有権を主張している[3]（「南極における領有権主張の一覧」参照）。OECD諸国の中で貧困率と経済格差は最も大きい[4]。\n,正式名称はRepública de Chile（レプブリカ・デ・チーレ）。通称、Chile（チーレ [ˈt͡siːle]]，或いはシーレ[ʃiːle]）。公式の英語表記はRepublic of Chile。通称、Chile（○○○ /ˈʧɪl(i)/）。\n,",,,,,,,,,,,,,,,,,,,,,
ツバル,https://upload.wikimedia.org/wikipedia/commons/thumb/3/38/Flag_of_Tuvalu.svg/150px-Flag_of_Tuvalu.svg.png,https://ja.wikipedia.org/wiki/ツバル,",'座標: .mw-parser-output .geo-default,.mw-parser-output .geo-dms,.mw-parser-output .geo-dec{display:inline}.mw-parser-output .geo-nondefault,.mw-parser-output .geo-multi-punct,.mw-parser-output .geo-inline-hidden{display:none}.mw-parser-output .longitude,.mw-parser-output .latitude{white-space:nowrap}南緯8度31分0秒 東経179度12分0秒\ufeff / \ufeff南緯8.51667度 東経179.20000度\ufeff / -8.51667; 179.20000\n',○○○（○○○語: Tuvalu）は、オセアニアに位置する9つの島からなる立憲君主制国家。かつてはエリス諸島と呼ばれていた。首都はフナフティ。イギリス連邦（コモンウェルス）加盟国のひとつ。\n,",,,,,,,,,,,,,,,,,,,,,
デンマーク,https://upload.wikimedia.org/wikipedia/commons/thumb/9/9c/Flag_of_Denmark.svg/122px-Flag_of_Denmark.svg.png,https://ja.wikipedia.org/wiki/デンマーク,",この表中の各数値は、グリーンランドとフェロー諸島を含んでいない。\n,'○○○（○○○語: Danmark, 発音\xa0[ˈdænmɑrɡ̊]\xa0( 音声ファイル)）は、北ヨーロッパに位置し、バルト海と北海に挟まれたユトランド半島およびその周辺の多くの島々からなる立憲君主制国家。自治権を有するグリーンランドとフェロー諸島と共に○○○王国を構成している。\n',",,,,,,,,,,,,,,,,,,,,,
ドイツ,https://upload.wikimedia.org/wikipedia/commons/thumb/b/ba/Flag_of_Germany.svg/137px-Flag_of_Germany.svg.png,https://ja.wikipedia.org/wiki/ドイツ,",○○○連邦共和国（○○○れんぽうきょうわこく、独: Bundesrepublik Deutschland、英: Federal Republic of Germany[1]）、通称○○○（独: Deutschland）は、中央ヨーロッパおよび広義の西ヨーロッパ[注釈 1]に位置する連邦共和制国家である。\n,首都および人口が最大の都市（英語版）はベルリン[1]。国境を接する隣国は、北がデンマーク、東がポーランド、東南がチェコ、南がオーストリア、南西がスイス、西がフランスとベネルクス三国（ベルギー、オランダ、ルクセンブルク）。北東はバルト海、北西は北海のうちにワッデン海に面する。\n,",,,,,,,,,,,,,,,,,,,,,
トーゴ,https://upload.wikimedia.org/wikipedia/commons/thumb/6/68/Flag_of_Togo.svg/137px-Flag_of_Togo.svg.png,https://ja.wikipedia.org/wiki/トーゴ,",○○○共和国（○○○きょうわこく、フランス語: République Togolaise）、通称○○○は、西アフリカに位置する共和制国家。東にベナン、北にブルキナファソ、西にガーナと国境を接し、南は大西洋のギニア湾に面する。首都はロメである。\n,○○○はサハラ以南の熱帯国で、アフリカ大陸においては波乱に満ちた歴史を持ち合わせる国の1国である。11世紀から16世紀にかけて、部族が様々な方向から同国地域に侵入して来ており、16世紀から18世紀にかけては西アフリカ沿岸部がヨーロッパ人の奴隷購入における交易の中心地であった点から○○○地域とその周辺地域は「奴隷海岸」と呼ばれていた。\n,",,,,,,,,,,,,,,,,,,,,,
ドミニカ共和国,https://upload.wikimedia.org/wikipedia/commons/thumb/9/9f/Flag_of_the_Dominican_Republic.svg/130px-Flag_of_the_Dominican_Republic.svg.png,https://ja.wikipedia.org/wiki/ドミニカ共和国,",ハイチより1844年2月27日\n,○○○（ドミニカきょうわこく、スペイン語: República Dominicana、英語: Dominican Republic）は、西インド諸島の大アンティル諸島のイスパニョーラ島東部に位置する共和制国家。首都はサントドミンゴ。\n,",,,,,,,,,,,,,,,,,,,,,
ドミニカ国,https://upload.wikimedia.org/wikipedia/commons/thumb/c/c4/Flag_of_Dominica.svg/150px-Flag_of_Dominica.svg.png,https://ja.wikipedia.org/wiki/ドミニカ国,",○○○（ドミニカこく、英語: Commonwealth of Dominica）は、カリブ海にある共和制国家。ウィンドワード諸島最北部に位置するドミニカ島を領土とする。島国であり、海を隔てて北西にフランス領グアドループが、南東にフランス領マルティニークが存在する。首都はロゾーである。\n,旧イギリス植民地であり、現在はイギリス連邦の一員である。自然が豊かなこの島はカリブ海に存在する多種多様の植物が自生しており、「カリブ海の植物園」と呼ばれている。\n,",,,,,,,,,,,,,,,,,,,,,
トリニダード・トバゴ,https://upload.wikimedia.org/wikipedia/commons/thumb/6/64/Flag_of_Trinidad_and_Tobago.svg/137px-Flag_of_Trinidad_and_Tobago.svg.png,https://ja.wikipedia.org/wiki/トリニダード・トバゴ,",○○○共和国（○○○きょうわこく、英語: Republic of Trinidad and Tobago）、通称○○○は、カリブ海の小アンティル諸島南部に位置するトリニダード島とトバゴ島の2島と属領からなる共和制国家で、イギリス連邦加盟国である。島国であり、海を隔てて北にグレナダ、北東にバルバドス、南にベネズエラが存在する。首都はポートオブスペイン。\n,リンボーダンスやスティールパンで有名。住民の数はアフリカ系とインド系が拮抗する。\n,",,,,,,,,,,,,,,,,,,,,,
トルクメニスタン,https://upload.wikimedia.org/wikipedia/commons/thumb/1/1b/Flag_of_Turkmenistan.svg/130px-Flag_of_Turkmenistan.svg.png,https://ja.wikipedia.org/wiki/トルクメニスタン,",○○○（トルクメン語: Türkmenistan）は、中央アジア南西部に位置する共和制国家。首都はアシガバートである。\n,カラクム砂漠が国土の85%を占めており、国民のほとんどは南部の山沿いの都市に住んでいる。豊富な石油や天然ガスを埋蔵する。西側でカスピ海に面し、東南がアフガニスタン、西南にイラン、北東をウズベキスタン、北西はカザフスタンと国境を接する。旧ソビエト連邦の構成国の一つで、1991年に独立した。NIS諸国の一国。永世中立国。\n,",,,,,,,,,,,,,,,,,,,,,
トルコ,https://upload.wikimedia.org/wikipedia/commons/thumb/b/b4/Flag_of_Turkey.svg/130px-Flag_of_Turkey.svg.png,https://ja.wikipedia.org/wiki/トルコ,",○○○共和国（○○○きょうわこく、○○○語: Türkiye Cumhuriyeti、英: Republic of Türkiye[6]）、通称○○○は、西アジアに位置するアナトリア半島（小アジア）と東ヨーロッパに位置するバルカン半島東南端の東トラキア地方を領有する共和制国家。首都はアンカラ[7]。\n,アジアとヨーロッパの2つの大州にまたがる。北は黒海とマルマラ海、西と南は地中海（西はエーゲ海）に面する。陸上国境は、西でブルガリア、ギリシャと、東でジョージア（グルジア）、アルメニア、アゼルバイジャン、イラン、イラク、シリアと接する。\n,",,,,,,,,,,,,,,,,,,,,,
トンガ,https://upload.wikimedia.org/wikipedia/commons/thumb/9/9a/Flag_of_Tonga.svg/150px-Flag_of_Tonga.svg.png,https://ja.wikipedia.org/wiki/トンガ,",○○○王国（○○○おうこく、○○○語: Puleʻanga Fakatuʻi ʻo Tonga）、通称○○○は、南太平洋のポリネシアに位置する立憲君主制国家[3][4]。首都は○○○タプ島に位置するヌクアロファである[3]。\n,'○○○は171の島からなる群島国家であり、そのうち45が居住地（有人島）である[4]。いずれも小島であり、合計面積は約720平方キロメートルで日本の対馬と同程度[3]。2021年時点、○○○の人口は104,494人で、その70 %が本島の○○○タプ島に居住している[5][6][7]。○○○領の島々は南北に約800 kmにわたり広がっている。北西にフィジーとフランス領ウォリス・フツナ、北東にサモア、西にフランス領ニューカレドニアとバヌアツ、東にニウエ（最も近い外国領）、南西にニュージーランド領ケルマディック諸島に囲まれた国である。○○○はニュージーランド本土の北島から約1,800 km離れている。\n',",,,,,,,,,,,,,,,,,,,,,
ナイジェリア,https://upload.wikimedia.org/wikipedia/commons/thumb/7/79/Flag_of_Nigeria.svg/150px-Flag_of_Nigeria.svg.png,https://ja.wikipedia.org/wiki/ナイジェリア,",○○○連邦共和国（○○○れんぽうきょうわこく、英語: Federal Republic of Nigeria）、通称○○○は、アフリカ大陸西南部に位置する連邦制共和国。首都はアブジャ。1991年まではラゴスが首都だったが、一極集中などの理由により首都を移転した[5]。西にベナン、北をニジェール、北東がチャド、東はカメルーンとそれぞれ国境を接し、南はギニア湾に面し大西洋に通ずる。\n,'○○○は西アフリカに存在する国家である。人口は2022年現在で2億1,140万人[6]で世界第7位であり、アフリカ州最大の規模でもある。さらに民主的な世俗国家であることが憲法上で規定されている[7]。イギリス連邦加盟国の1国でもある。行政区分は、36の州および首都アブジャ市を擁する連邦首都地区からなる。\n',",,,,,,,,,,,,,,,,,,,,,
ナウル,https://upload.wikimedia.org/wikipedia/commons/thumb/3/30/Flag_of_Nauru.svg/150px-Flag_of_Nauru.svg.png,https://ja.wikipedia.org/wiki/ナウル,",'座標: .mw-parser-output .geo-default,.mw-parser-output .geo-dms,.mw-parser-output .geo-dec{display:inline}.mw-parser-output .geo-nondefault,.mw-parser-output .geo-multi-punct,.mw-parser-output .geo-inline-hidden{display:none}.mw-parser-output .longitude,.mw-parser-output .latitude{white-space:nowrap}南緯0度32分 東経166度56分\ufeff / \ufeff南緯0.533度 東経166.933度\ufeff / -0.533; 166.933\n',○○○共和国（○○○きょうわこく、○○○語: Repubrikin Naoero）、通称○○○（○○○語: Naoero）は、太平洋南西部の○○○島を領土とする共和国である。\n,",,,,,,,,,,,,,,,,,,,,,
ナミビア,https://upload.wikimedia.org/wikipedia/commons/thumb/0/00/Flag_of_Namibia.svg/130px-Flag_of_Namibia.svg.png,https://ja.wikipedia.org/wiki/ナミビア,",○○○共和国（○○○きょうわこく、英語: Republic of Namibia）、通称○○○は、アフリカ南西部に位置する共和制国家である。北にアンゴラ、北東にザンビア、東にボツワナ、南に南アフリカ共和国と国境を接し、西は大西洋に面する。なお、地図を一見すると接しているように見えるジンバブエとはザンビア、ボツワナを挟んで150メートルほど離れている。首都はウィントフック。イギリス連邦加盟国のひとつである。\n,植民地時代の名称は南西アフリカ。ドイツによる植民地支配を経て、第一次世界大戦以後は南アフリカ連邦の委任統治下に置かれていたが、第二次世界大戦後の国際連盟解散を機に南アフリカが国際法上違法な併合を行った。南アフリカの統治時代には同様の人種隔離政策（アパルトヘイト）が行われ、バントゥースタン（ホームランド）が置かれた。その後、1966年に○○○独立戦争が始まり、1990年に独立を達成した。\n,",,,,,,,,,,,,,,,,,,,,,
ニウエ,https://upload.wikimedia.org/wikipedia/commons/thumb/0/01/Flag_of_Niue.svg/150px-Flag_of_Niue.svg.png,https://ja.wikipedia.org/wiki/ニウエ,",○○○（○○○語: Niuē、英語: Niue）は、オセアニア東部にある立憲君主制国家。ニュージーランドの北東、トンガの東、サモアの南東の南太平洋上にある○○○島を領土とする島国。面積は269平方キロメートルで[3]、首都はアロフィ[2]。\n,'ニュージーランド王国の構成国であると同時に、自由連合関係をとっている。人口は1,681人（2022年時点[4]）で、バチカン市国に次いで世界で2番目に少ない[2]。\n',",,,,,,,,,,,,,,,,,,,,,
ニカラグア,https://upload.wikimedia.org/wikipedia/commons/thumb/1/19/Flag_of_Nicaragua.svg/137px-Flag_of_Nicaragua.svg.png,https://ja.wikipedia.org/wiki/ニカラグア,",○○○共和国（○○○きょうわこく、スペイン語: República de Nicaragua）、通称○○○は、中央アメリカ中部にあるラテンアメリカの共和制国家[3]。北西はホンジュラス、南はコスタリカと国境を接し、東はカリブ海、南西は太平洋に面している。また、カリブ海のコーン諸島、ミスキート諸島を領有する。首都はマナグア。\n,○○○は狭義の中央アメリカで最も面積が広い国である。\n,",,,,,,,,,,,,,,,,,,,,,
ニジェール,https://upload.wikimedia.org/wikipedia/commons/thumb/f/f4/Flag_of_Niger.svg/115px-Flag_of_Niger.svg.png,https://ja.wikipedia.org/wiki/ニジェール,",○○○共和国（○○○きょうわこく、フランス語: République du Niger）、通称○○○は、サハラ砂漠南縁のサヘル地帯のうち、西アフリカに位置する共和制国家。首都はニアメである。内陸国であり、北西から反時計回りでアルジェリア、マリ、ブルキナファソ、ベナン、ナイジェリア、チャド、リビアと隣接する。\n,正式名称はフランス語で、République du Niger（レピュブリク・デュ・○○○）。通称、Niger。公式の英語表記は、Republic of Niger（リパブリク・オヴ・ナイジャもしくはニージェア）。通称、Niger。日本語の表記は、○○○共和国。通称、○○○。\n,",,,,,,,,,,,,,,,,,,,,,
西サハラ,https://upload.wikimedia.org/wikipedia/commons/thumb/2/26/Flag_of_the_Sahrawi_Arab_Democratic_Republic.svg/157px-Flag_of_the_Sahrawi_Arab_Democratic_Republic.svg.png,https://ja.wikipedia.org/wiki/西サハラ,",\n,\n,",,,,,,,,,,,,,,,,,,,,,
日本,https://upload.wikimedia.org/wikipedia/commons/thumb/9/9e/Flag_of_Japan.svg/130px-Flag_of_Japan.svg.png,https://ja.wikipedia.org/wiki/日本,",○○○国（にほんこく、にっぽんこく、英: Japan）、または○○○（にほん、にっぽん）は、東アジアに位置する民主制国家[1]。首都は東京都[注釈 2][2][3]。\n,全長3500キロメートル以上にわたる国土は、主に○○○列島[注釈 5]および南西諸島・伊豆諸島・小笠原諸島などの弧状列島により構成される[3][4]。大部分が温帯に属するが、北部や島嶼部では亜寒帯や熱帯の地域がある[5][6]。地形は起伏に富み、火山地・丘陵を含む山地の面積は国土の約75%を占め[6]、人口は沿岸の平野部に集中している。国内には行政区分として47の都道府県があり、○○○人（大和民族・琉球民族・アイヌ民族[注釈 6]・外国系諸民族）と外国人（○○○国民でない者[7]、すなわち、外国籍者と数百人程度の無国籍者[8]）が居住し、○○○語を通用する[2][3]。漢字文化圏に含まれる国の一つでもある[9]。\n,",,,,,,,,,,,,,,,,,,,,,
ニュージーランド,https://upload.wikimedia.org/wikipedia/commons/thumb/3/3e/Flag_of_New_Zealand.svg/150px-Flag_of_New_Zealand.svg.png,https://ja.wikipedia.org/wiki/ニュージーランド,",○○○（英語: New Zealand、マオリ語: Aotearoa）は、南西太平洋のオセアニアのポリネシアに位置する立憲君主制国家。首都はウェリントンで、最大の都市はオークランドである。\n,'島国であり、二つの主要な島と、多くの小さな島々からなる。北西に2,000km離れたオーストラリア大陸（オーストラリア連邦）と対する。南方の南極大陸とは2,600km離れている。北はトンガ、ニューカレドニア、フィジーがある。イギリス連邦加盟国であり、英連邦王国の一国となっている。また、○○○王国を構成する最大の主体地域である。\n',",,,,,,,,,,,,,,,,,,,,,
ネパール,https://upload.wikimedia.org/wikipedia/commons/thumb/9/9b/Flag_of_Nepal.svg/92px-Flag_of_Nepal.svg.png,https://ja.wikipedia.org/wiki/ネパール,",○○○（○○○語: नेपाल）は、南アジアに位置する連邦共和制国家。首都であり最大の都市はカトマンズ。\n,'東、西、南の三方をインドに、北方を中華人民共和国チベット自治区に接する西北から東南方向に細長い内陸国である。国土は世界最高地点エベレスト（サガルマータ）を含むヒマラヤ山脈および中央部丘陵地帯と、南部のタライ平原から成る。ヒマラヤ登山の玄関口としての役割を果たしている。面積は約147,000 km2。多民族・多言語国家であり、民族とカーストが複雑に関係し合っている。また、宗教も仏教の開祖釈迦（仏陀）の生誕地であり、ヒンドゥー教（元国教）、仏教、アニミズムなどとその習合が混在する。\n',",,,,,,,,,,,,,,,,,,,,,
ノルウェー,https://upload.wikimedia.org/wikipedia/commons/thumb/d/d9/Flag_of_Norway.svg/124px-Flag_of_Norway.svg.png,https://ja.wikipedia.org/wiki/ノルウェー,",○○○王国（○○○おうこく、○○○語: Kongeriket Norge/Noreg）、通称○○○は、北ヨーロッパのスカンディナヴィア半島西岸に位置する立憲君主制国家である。首都は半島南端部に存在するオスロ・フィヨルドの奥に形成された港湾都市のオスロ。東にスウェーデン、ロシア、フィンランドと国境を接している。欧州連合(EU)には非加盟である[5]。\n,'地理としては国土は南北に細長く、海岸線は北大西洋の複数の海域、すなわちスカゲラック海峡、北海、○○○海およびバレンツ海に面している。海岸線には、多くのフィヨルドが発達する。このほか、○○○本土から約1,000キロ離れた北大西洋上のヤンマイエン島は固有の領土の一部として領有され、スヴァールバル条約によりバレンツ海のスヴァールバル諸島を領有している。南大西洋にブーベ島を属領として持つ。\n',",,,,,,,,,,,,,,,,,,,,,
バーレーン,https://upload.wikimedia.org/wikipedia/commons/thumb/2/2c/Flag_of_Bahrain.svg/137px-Flag_of_Bahrain.svg.png,https://ja.wikipedia.org/wiki/バーレーン,",'○○○王国（○○○おうこく、アラビア語: مملكة البحرين\u200e, ラテン文字: Mamlakat al-Baḥrayn, マムラカト・アル＝バフライン）、通称○○○は、西アジア・中東に位置し、ペルシア湾の○○○島および大小33の島（ムハッラク島など）からなる立憲君主制国家。首都はマナーマ。\n',王家のハリーファ家はクウェートのサバーハ家やサウジアラビアのサウード家と同じくアナイザ族（英語版）出身でスンナ派であるが、1782年以前はシーア派以外の宗派を認めていなかったサファヴィー朝やアフシャール朝の支配下にあった経緯もあり、国民の大多数をシーア派が占める。\n,",,,,,,,,,,,,,,,,,,,,,
ハイチ,https://upload.wikimedia.org/wikipedia/commons/thumb/5/56/Flag_of_Haiti.svg/137px-Flag_of_Haiti.svg.png,https://ja.wikipedia.org/wiki/ハイチ,",\n,""○○○（○○○語:,Ayiti,ajiti,フランス語:,Haïti,a.iti,英語:,Haiti,ˈheɪti,\xa0(,音声ファイル)）公式には,○○○共和国（○○○きょうわこく、○○○語:,Repiblik,d,Ayiti、フランス語:,République,'d''Haïti、英語:',Republic,of,Haiti）,3,は、カリブ海地域のイスパニョーラ島西部を占める共和制国家。首都はポルトープランス。\n"","
パキスタン,https://upload.wikimedia.org/wikipedia/commons/thumb/3/32/Flag_of_Pakistan.svg/130px-Flag_of_Pakistan.svg.png,https://ja.wikipedia.org/wiki/パキスタン,",'○○○・イスラム共和国（○○○・イスラムきょうわこく、ウルドゥー語: اِسْلامی جَمْہُورِیَہ پَاکِسْتَان\u200e）、通称○○○は、南アジアに位置する連邦共和制国家である。東にインド、西にアフガニスタン、南西にイラン、北東に中華人民共和国と国境を接している。北はアフガニスタンのワハーン回廊でタジキスタンと狭く隔てられており、オマーンとも海上で国境を接している。首都はイスラマバード。.mw-parser-output .toclimit-2 .toclevel-1 ul,.mw-parser-output .toclimit-3 .toclevel-2 ul,.mw-parser-output .toclimit-4 .toclevel-3 ul,.mw-parser-output .toclimit-5 .toclevel-4 ul,.mw-parser-output .toclimit-6 .toclevel-5 ul,.mw-parser-output .toclimit-7 .toclevel-6 ul{display:none}',○○○における2023年の人口は2億2200万人であり、インド、中国、アメリカ、インドネシア 、ブラジルに次いで世界第6位となっている。また、世界で2番目にイスラム教徒の多い国でもある。面積は88万1913平方キロメートルで、世界で33番目に大きな国である。\n,",,,,,,,,,,,,,,,,,,,,,
バチカン,https://upload.wikimedia.org/wikipedia/commons/thumb/b/b3/Flag_of_Vatican_City_%282023%E2%80%93present%29.svg/80px-Flag_of_Vatican_City_%282023%E2%80%93present%29.svg.png,https://ja.wikipedia.org/wiki/バチカン,",○○○とは、○○○市国とカトリックの総本山の総称である[1]。国家としての○○○市国（○○○しこく、ラテン語: Status Civitatis Vaticanae、イタリア語: Stato della Città del Vaticano）は、1929年にラテラノ条約により独立国となった南ヨーロッパに位置する国家で国土面積は世界最小である(0.44km²)[2][3][注釈 1]。ヴァチカンやバティカン、ヴァティカン、ヴァティカーノとも表記される。\n,○○○はローマ教皇（聖座）によって統治される国家であり[4]、カトリック教会と東方典礼カトリック教会の中心地、いわば「総本山」である。国籍は聖職に就いている間にかぎり与えられる（「#国民と国籍」節で後述）。\n,",,,,,,,,,,,,,,,,,,,,,
パナマ,https://upload.wikimedia.org/wikipedia/commons/thumb/a/ab/Flag_of_Panama.svg/130px-Flag_of_Panama.svg.png,https://ja.wikipedia.org/wiki/パナマ,",○○○共和国（○○○きょうわこく、スペイン語: República de Panamá）、通称○○○は、北アメリカ大陸と南アメリカ大陸の境に位置する共和制国家である。北西にコスタリカ、南東にコロンビアに接し、北はカリブ海、南は太平洋に面する。首都は○○○市（○○○シティ）。\n,○○○は、世界的に有名な「○○○運河」が存在することで知られている。この運河は1914年に完成し、大西洋と太平洋を結ぶ重要な海上ルートとして機能している。○○○運河の存在は、国の経済に大きな影響を与えており、通行料収入が主要な収入源となっている。\n,",,,,,,,,,,,,,,,,,,,,,
バヌアツ,https://upload.wikimedia.org/wikipedia/commons/thumb/b/bc/Flag_of_Vanuatu.svg/137px-Flag_of_Vanuatu.svg.png,https://ja.wikipedia.org/wiki/バヌアツ,",○○○共和国（○○○きょうわこく）、通称○○○は、南太平洋のシェパード諸島の火山島上などに位置する共和制国家、オセアニアの島嶼国家（島国）である。首都はエファテ島にあるポートビラ[1]。\n,北西から南西にかけては、ともに珊瑚海を取り巻くソロモン諸島、パプアニューギニア、オーストラリア、フランス海外領土のニューカレドニアがある。南はニュージーランドが、東から北にかけてはフィジー、ナウルなど他の島嶼国家やアメリカ領サモア、フランス海外領土ウォリス・フツナが点在する。イギリス連邦加盟国。\n,",,,,,,,,,,,,,,,,,,,,,
バハマ,https://upload.wikimedia.org/wikipedia/commons/thumb/9/93/Flag_of_the_Bahamas.svg/150px-Flag_of_the_Bahamas.svg.png,https://ja.wikipedia.org/wiki/バハマ,",○○○国（○○○こく、（英語: Commonwealth of The Bahamas） 通称○○○は、西インド諸島の○○○諸島を領有する国家。英語圏に属し、イギリス連邦の加盟国であると同時に英連邦王国の一国たる立憲君主制国家である。\n,島国であり、海を隔てて北西にアメリカ合衆国のフロリダ半島が、南西にキューバが、南東にハイチが存在する。首都はニュー・プロビデンス島のナッソー。○○○文書が注目を浴びている。人口は40万516人（2022年時点）[3]。\n,",,,,,,,,,,,,,,,,,,,,,
パプアニューギニア,https://upload.wikimedia.org/wikipedia/commons/thumb/e/e3/Flag_of_Papua_New_Guinea.svg/122px-Flag_of_Papua_New_Guinea.svg.png,https://ja.wikipedia.org/wiki/パプアニューギニア,",○○○独立国（○○○どくりつこく）、通称○○○は、南太平洋にあるニューギニア島の東半分及び周辺の島々からなる立憲君主制国家[3]。東南アジア諸国連合 (ASEAN) の特別オブザーバーであるが、地理的にはオセアニアに属する。オーストラリアの北、ソロモン諸島の西、インドネシアの東、ミクロネシア連邦の南に位置する。イギリス連邦加盟国かつ英連邦王国の一国であり、非白人が国民の多数を占める国としては英連邦王国のうち人口最多かつ面積最大の国である。首都はポートモレスビー。\n,トク・ピシンにおける正式名称はIndependen Stet bilong Papua Niugini。通称 Papua Niugini。略称は PNG。\n,",,,,,,,,,,,,,,,,,,,,,
パラオ,https://upload.wikimedia.org/wikipedia/commons/thumb/4/48/Flag_of_Palau.svg/134px-Flag_of_Palau.svg.png,https://ja.wikipedia.org/wiki/パラオ,",日本語（アンガウル州[1]）\nソンソロール語（ソンソロール州[2]）\nトビ語（ハトホベイ州[3]）\n,○○○共和国（○○○きょうわこく、○○○語: Beluu ęr a Belau、英: Republic of Palau、通称○○○は、太平洋に位置し、フィリピンの東方にあるミクロネシア地域の島々からなる共和制国家。首都はマルキョク。2006年10月7日にコロールから遷都した。\n,",,,,,,,,,,,,,,,,,,,,,
パラグアイ,https://upload.wikimedia.org/wikipedia/commons/thumb/2/27/Flag_of_Paraguay.svg/147px-Flag_of_Paraguay.svg.png,https://ja.wikipedia.org/wiki/パラグアイ,",○○○共和国（○○○きょうわこく、スペイン語: República del Paraguay、グアラニー語: Tetã Paraguái）、通称○○○は、南アメリカ中央南部に位置する共和制国家である。東と北東をブラジル、西と北西をボリビア、南と南西をアルゼンチンに囲まれている内陸国である。首都はアスンシオン。\n,なお、○○○の国旗はデザインが表と裏とで異なっている（○○○の国旗を参照）。\n,",,,,,,,,,,,,,,,,,,,,,
バルバドス,https://upload.wikimedia.org/wikipedia/commons/thumb/e/ef/Flag_of_Barbados.svg/130px-Flag_of_Barbados.svg.png,https://ja.wikipedia.org/wiki/バルバドス,",○○○（英語: Barbados）は、カリブ海、西インド諸島内の小アンティル諸島東端にある共和制国家。首都はブリッジタウン。\n,全体が珊瑚礁で出来ている島国であり、海を隔てて約200kmの北西にセントルシア、西にセントビンセント・グレナディーン、南西にグレナダとトリニダード・トバゴが存在する。\n,",,,,,,,,,,,,,,,,,,,,,
パレスチナ,https://upload.wikimedia.org/wikipedia/commons/thumb/0/00/Flag_of_Palestine.svg/150px-Flag_of_Palestine.svg.png,https://ja.wikipedia.org/wiki/パレスチナ,",○○○（アラビア語: فلسطين\u200e[注 1]、ヘブライ語: פלשתינה\u200e[注 2]、英語: Palestine[注 3]）は、西アジアの地理的地域であり、通常はイスラエル、ヨルダン西部の一部、ヨルダン川西岸地区、ガザ地区を含むと考えられている。\n,○○○という名前は古代ギリシャの作家が使っていたもので、後にローマ帝国のシリア・パラエスティナ州、ビザンチン帝国のパラエスティナ・プリマ州、イスラム帝国のジュンド・フィラスティン州にも使われた。この地域は、聖書に登場する「イスラエルの地」（ヘブライ語: ארץ־ישראל\u200e）、「聖地」、「約束の地」として知られる地域の大部分を占めており、カナン、シリア、アッシュ・シャム、レバントなどの広い地域名の南側に位置している。\n,",,,,,,,,,,,,,,,,,,,,,
ハンガリー,https://upload.wikimedia.org/wikipedia/commons/thumb/c/c1/Flag_of_Hungary.svg/150px-Flag_of_Hungary.svg.png,https://ja.wikipedia.org/wiki/ハンガリー,",○○○（○○○語: Magyarország）は、中央ヨーロッパの共和制国家。西にオーストリア、スロベニア、北にスロバキア、東にウクライナ、ルーマニア、南にセルビア、南西にクロアチアに囲まれた内陸国。首都はブダペストである。基本的には中欧とされるが、歴史的には東欧に分類されたことがある。\n,国土の大部分はなだらかな丘陵で、ドナウ川などに潤される東部・南部の平野部には肥沃な農地が広がる[3]。\n,",,,,,,,,,,,,,,,,,,,,,
バングラデシュ,https://upload.wikimedia.org/wikipedia/commons/thumb/f/f9/Flag_of_Bangladesh.svg/137px-Flag_of_Bangladesh.svg.png,https://ja.wikipedia.org/wiki/バングラデシュ,",""○○○人民共和国（○○○じんみんきょうわこく、英語:,'People''s',Republic,of,Bangladesh、ベンガル語:,গণপ্রজাতন্ত্রী,বাংলাদেশ）、南アジアにある共和制国家。通称は○○○。首都はダッカである。\n"",北と東西の三方はインド、南東部はミャンマーと国境を接する。南はベンガル湾（「インド洋の一部）に面する。西側で隣接するインドの西ベンガル州、東側で隣接するインドのトリプラ州とともにベンガル語圏に属する。ベンガル湾に注ぐ大河ガンジス川の下流部を有する。\n,",,,,,,,,,,,,,,,
東ティモール,https://upload.wikimedia.org/wikipedia/commons/thumb/2/26/Flag_of_East_Timor.svg/150px-Flag_of_East_Timor.svg.png,https://ja.wikipedia.org/wiki/東ティモール,",○○○民主共和国（ひがしティモールみんしゅきょうわこく、ポルトガル語: República Democrática de Timor-Leste）、通称○○○は、アジア（東南アジア）地域に位置する共和制国家。首都はディリ。\n,島国であり、小スンダ列島にあるティモール島の東半分とアタウロ島、ジャコ島、飛地オエクシで構成されている。南方には、ティモール海を挟んでオーストラリアがあり、それ以外はインドネシア領東ヌサ・トゥンガラ州（西ティモールを含む）である。\n,",,,,,,,,,,,,,,,,,,,,,
フィジー,https://upload.wikimedia.org/wikipedia/commons/thumb/b/ba/Flag_of_Fiji.svg/150px-Flag_of_Fiji.svg.png,https://ja.wikipedia.org/wiki/フィジー,",○○○共和国（○○○きょうわこく、Republic of Fiji）[3]、通称○○○（Fiji）は、南太平洋の○○○諸島とその北方のロツマ島からなる群島国家。領有する島や環礁は約330[4]で、首都はビティレブ島のスバ。\n,オセアニアのうちメラネシアに位置する[5]。周囲には北から時計回りにツバル、フランス領ウォリス・フツナ、トンガ、北島 (ニュージーランド)、フランス領ニューカレドニア、バヌアツなどがある。\n,",,,,,,,,,,,,,,,,,,,,,
フィリピン,https://upload.wikimedia.org/wikipedia/commons/thumb/9/99/Flag_of_the_Philippines.svg/150px-Flag_of_the_Philippines.svg.png,https://ja.wikipedia.org/wiki/フィリピン,",○○○共和国（○○○きょうわこく、○○○語/タガログ語: Republika ng Pilipinas、英: Republic of the Philippines、スペイン語: República de Filipinas) 通称○○○は、東南アジアに位置する立憲共和制国家。7641の島々がある島国であり、そのうち有人島に暮らす総人口は1億人を超える[2]。首都はルソン島にあるマニラ市またはマニラ首都圏[1]。\n,最大の都市はルソン島では人口が一位で旧首都のケソン市、ビサヤ諸島では大都市のセブ市、ミンダナオ島では面積が大きいダバオ市である。\n,",,,,,,,,,,,,,,,,,,,,,
フィンランド,https://upload.wikimedia.org/wikipedia/commons/thumb/b/bc/Flag_of_Finland.svg/136px-Flag_of_Finland.svg.png,https://ja.wikipedia.org/wiki/フィンランド,",○○○共和国（○○○きょうわこく、○○○語: Suomen tasavalta、スウェーデン語: Republiken Finland）、通称○○○は、北ヨーロッパに位置する共和制国家。首都はヘルシンキ。バルト海東岸に位置する国の一つであり、国境は、北はノルウェー、西はスウェーデン、東はロシアと接する。南は○○○湾を挟みエストニアと相対している。\n,国体の変化が激しい歴史を持つ国家であり、王制から共和制へ変換された国々の一国として知られている。ロシア帝国が第二次ロシア・スウェーデン戦争後に○○○を併合して○○○大公国にした1809年まで、スウェーデン王国に属していた。のちにロシア帝国がロシア革命で崩壊して1917年に独立した。独立後、○○○では4つの戦争が行われた。1918年の○○○内戦、ロシア革命で成立したソビエト連邦と冬戦争（1939年 - 1940年）、第二次世界大戦（独ソ戦）に伴うソ連と継続戦争（1941年 - 1944年）、ソ連と講和後のナチス・ドイツとラップランド戦争（1944年 - 1945年）である。それぞれの戦争において、共和国の軍隊は、軍の最高司令官であるマンネルヘイム元帥によって率いられた。冬戦争と継続戦争により幾らかの土地をソ連に奪われるも、ソ連に併合されたバルト三国と異なり独立を維持した。\n,",,,,,,,,,,,,,,,,,,,,,
ブータン,https://upload.wikimedia.org/wikipedia/commons/thumb/9/91/Flag_of_Bhutan.svg/130px-Flag_of_Bhutan.svg.png,https://ja.wikipedia.org/wiki/ブータン,",○○○王国（○○○おうこく、ゾンカ語: འབྲུག་ཡུལ་、英語: Kingdom of Bhutan）、通称○○○は、南アジアに位置する立憲君主制国家。首都はティンプー。北は中国、東西南はインドと国境を接する。\n,国教は仏教（ロ・ドゥク派）。民族はチベット系8割、ネパール系2割。公用語はゾンカ語。\n,",,,,,,,,,,,,,,,,,,,,,
ブラジル,https://upload.wikimedia.org/wikipedia/commons/thumb/0/05/Flag_of_Brazil.svg/127px-Flag_of_Brazil.svg.png,https://ja.wikipedia.org/wiki/ブラジル,",○○○連邦共和国（○○○れんぽうきょうわこく、ポルトガル語: República Federativa do Brasil）、通称○○○は、南アメリカに位置する連邦共和制国家。首都はブラジリア。\n,南米大陸で最大の面積を占め、ウルグアイ、アルゼンチン、パラグアイ、ボリビア、ペルー、コロンビア、ベネズエラ、ガイアナ、スリナム、フランス領ギアナと国境を接しており、南米諸国で接していないのはチリとエクアドルだけである。東は大西洋に囲まれている。また、大西洋上のフェルナンド・デ・ノローニャ諸島、トリンダージ島、マルティン・ヴァス島、サンペドロ・サンパウロ群島も○○○領に属する。その国土面積は日本の約22.5倍で[1]、アメリカ合衆国よりは約110万km2小さいが、ロシアを除いたヨーロッパ全土より大きく、インド・パキスタン・バングラデシュの三国を合わせた面積の約2倍に相当する。\n,",,,,,,,,,,,,,,,,,,,,,
フランス,https://upload.wikimedia.org/wikipedia/commons/thumb/c/c3/Flag_of_France.svg/130px-Flag_of_France.svg.png,https://ja.wikipedia.org/wiki/フランス,",この表のデータは本土のみで、海外県・属領を含まない。\n,○○○共和国（○○○きょうわこく、○○○語: République française）、通称○○○（○○○語: France）は、西ヨーロッパに位置する共和制国家。首都はパリ[1]。○○○・メトロポリテーヌ（本土）のほか、○○○植民地帝国の名残で世界各地に○○○の海外県・海外領土が点在する。独立した旧○○○領諸国とはフランコフォニー国際機関を構成している[2]。\n,",,,,,,,,,,,,,,,,,,,,,
ブルガリア,https://upload.wikimedia.org/wikipedia/commons/thumb/9/9a/Flag_of_Bulgaria.svg/130px-Flag_of_Bulgaria.svg.png,https://ja.wikipedia.org/wiki/ブルガリア,",○○○共和国（○○○きょうわこく）、通称○○○は、東南ヨーロッパに位置する共和制国家。バルカン半島に位置し北にルーマニア、西にセルビア、北マケドニア、南にギリシャ、トルコと隣接し、東は黒海に面している。首都はソフィア。\n,'○○○で最も古い文化の一つは、カラノヴォ文化（英語版）（紀元前6,500年）である。紀元前6世紀から3世紀にかけて、この地域は古代トラキア人、ペルシャ人、ケルト人、マケドニア人の戦場となった。紀元前45年にローマ帝国が当該地域を征服し安定するもローマ国家が分裂した後、同地域では部族の侵略が再開された。\n',",,,,,,,,,,,,,,,,,,,,,
ブルキナファソ,https://upload.wikimedia.org/wikipedia/commons/thumb/3/31/Flag_of_Burkina_Faso.svg/130px-Flag_of_Burkina_Faso.svg.png,https://ja.wikipedia.org/wiki/ブルキナファソ,",○○○（フランス語: Burkina Faso）は、西アフリカにある共和制国家。北はマリ、東はニジェール、南東はベナン、トーゴ、南はガーナ、南西はコートジボワールと国境を接する。首都はワガドゥグーである。\n,○○○最大の民族集団は、11世紀から13世紀にかけてこの地に定住したモシ人である。モシ人はモシ諸王国と呼ばれる国々を築き、ヴォルタ川上流地域一帯での支配を強めてきた。19世紀末にはフランスの侵略を受け、フランス領西アフリカの一地域として植民地化される。その後、フランス共同体内の自治国を経て1960年にオートボルタ共和国として独立した。独立以来○○○は旱魃、飢餓、腐敗にさらされ続けており、政情も安定せず幾度となくクーデターが繰り返されてきた。\n,",,,,,,,,,,,,,,,,,,,,,
ブルネイ,https://upload.wikimedia.org/wikipedia/commons/thumb/9/9c/Flag_of_Brunei.svg/150px-Flag_of_Brunei.svg.png,https://ja.wikipedia.org/wiki/ブルネイ,",○○○・ダルサラーム国（○○○・ダルサラームこく、マレー語: Negara Brunei Darussalam、نڬارا بروني دارالسلام）、通称○○○は、東南アジアのボルネオ島（カリマンタン島）北部に位置する立憲君主制国家、港市国家[3]。首都はバンダルスリブガワン。\n,イスラム教国で、イギリス連邦（コモンウェルス）加盟国である。北側が南シナ海に面するほかは陸地ではマレーシアに取り囲まれている。\n,",,,,,,,,,,,,,,,,,,,,,
ブルンジ,https://upload.wikimedia.org/wikipedia/commons/thumb/5/50/Flag_of_Burundi.svg/130px-Flag_of_Burundi.svg.png,https://ja.wikipedia.org/wiki/ブルンジ,",○○○共和国（○○○きょうわこく）、通称○○○は、東アフリカの内陸部にある国家。ルワンダ、コンゴ民主共和国、タンザニアと国境を接する。一方で多数派のフツと少数派のツチの間で対立があり、1962年の独立以降はたびたび衝突し1993年には内戦にまで発展している。「政治的首都」はギテガであるが、最大の都市であるブジュンブラが「経済的首都」と定められている。\n,""正式名称はルンディ語でIrepuburika,'y''Uburundi、Republika','y''Uburundi、通称、Uburundi（ウブルンディ）。フランス語でRépublique',du,Burundi、通称、Burundi（,buʁundi,、ブルンディ）。英語でRepublic,of,Burundi、通称、Burundi（,bʊˈruːndi,'bə''rʌndi',、ブルーンディ）。日本語の表記は○○○共和国。通称、○○○。\n"",",,,,,,,,,,
ベトナム,https://upload.wikimedia.org/wikipedia/commons/thumb/2/21/Flag_of_Vietnam.svg/130px-Flag_of_Vietnam.svg.png,https://ja.wikipedia.org/wiki/ベトナム,",○○○の歴史\n,主な出来事\n仏領インドシナ成立\n東遊運動 · 日仏協約\n仏印進駐 · 大東亜戦争\nマスタードム作戦\n○○○八月革命\n第一次インドシナ戦争\nディエンビエンフーの戦い\nジュネーヴ協定 · 南北分断\nトンキン湾事件 · ○○○戦争\nパリ協定 · 西沙諸島の戦い\nサイゴン解放\nカンボジア・○○○戦争\n中越戦争 · 中越国境紛争\nドイモイ\nスプラトリー諸島海戦\n,",,,,,,,,,,,,,,,,,,,,,
ベナン,https://upload.wikimedia.org/wikipedia/commons/thumb/0/0a/Flag_of_Benin.svg/130px-Flag_of_Benin.svg.png,https://ja.wikipedia.org/wiki/ベナン,",○○○共和国（○○○きょうわこく、フランス語: République du Bénin）、通称○○○は、西アフリカの共和制国家である。南北に長く、西にトーゴ、北西にブルキナファソ、北東にニジェール、東にナイジェリアと陸上国境を接し、南は大西洋のギニア湾に面する。憲法上の首都はポルトノボだが、政府機能はコトヌーに置かれ実質的首都として機能している[3]。\n,17世紀から19世紀にかけて、この地域の主な政治主体は都市国家ポルトノボおよびダホメ王国であり、北側は多くの異なる国家が存在する広大な地域であった。この地域は奴隷貿易で多くの人々が人身売買の対象となり、17世紀には早くも奴隷海岸と呼ばれるようになった。奴隷制度が廃止された後、ダホメ王国は滅亡しフランスの植民地となる。1960年の独立後、民主主義政権、軍事クーデター、軍事政権などさまざまな政権が誕生し波乱万丈の歴史を歩んできた。現在の政府は1991年に成立したものであり、アフリカ大陸の国家の中でも安定した政治体制を持つとの評価がある一方[4][5]、その実は権威主義であるとの批判がある[6][7]。\n,",,,,,,,,,,,,,,,,,,,,,
ベネズエラ,https://upload.wikimedia.org/wikipedia/commons/thumb/0/06/Flag_of_Venezuela.svg/130px-Flag_of_Venezuela.svg.png,https://ja.wikipedia.org/wiki/ベネズエラ,",○○○・ボリバル共和国[3]（○○○・ボリバルきょうわこく、スペイン語: República Bolivariana de Venezuela）、通称○○○は、南アメリカ大陸北部に位置する連邦共和制国家。東にガイアナ、西はコロンビア、南はブラジルと接し、北はカリブ海、大西洋に面する。首都はカラカス。\n,コロンビアと共に北アンデスの国家であるが、自らをカリブ海世界の一員であると捉えることも多い。○○○海岸の向こうには、オランダ王国のABC諸島（キュラソー島など）、トリニダード・トバゴといったカリブ海諸国が存在する。ガイアナとは、現在ガイアナ領のグアヤナ・エセキバを巡って、19世紀から領土問題を抱えている。南アメリカ大陸でも指折りの自然の宝庫として知られている。南米最大の産油国であり、原油埋蔵量は3008億バレルと推測され世界最大の石油埋蔵国と言われているが、質の問題により生産拡大には結びついていない[4]。\n,",,,,,,,,,,,,,,,,,,,,,
ベラルーシ,https://upload.wikimedia.org/wikipedia/commons/thumb/8/85/Flag_of_Belarus.svg/150px-Flag_of_Belarus.svg.png,https://ja.wikipedia.org/wiki/ベラルーシ,",○○○共和国（○○○きょうわこく、○○○語: Рэспубліка Беларусь \xa0発音、ロシア語: Республика Беларусь）、通称○○○は、東ヨーロッパの共和制国家。首都はミンスク、人口約945万人。ソ連邦崩壊により1990年に独立宣言を行い、1991年に白ロシア・ソビエト社会主義共和国から○○○共和国へ国名を変更した[3]。2000年以来、○○○・ロシア連合国家の加盟国である。\n,世界最北の内陸国で、面積は日本の約55％、国境は、東はロシア、西はポーランド、北西はリトアニアとラトビア、南はウクライナと接する。東ヨーロッパ平原に位置する国の一つで、国土の最高標高が345ｍ[4]、首都ミンスクの標高は280m[5]、国境地帯も含め山が見られない平坦な国土として知られる。\n,",,,,,,,,,,,,,,,,,,,,,
ベリーズ,https://upload.wikimedia.org/wikipedia/commons/thumb/e/e7/Flag_of_Belize.svg/130px-Flag_of_Belize.svg.png,https://ja.wikipedia.org/wiki/ベリーズ,",○○○（Belize）は、中央アメリカ北東部、ユカタン半島の付け根に位置し英連邦王国に属する立憲君主制の国家である。ハリケーンの被害を避けるため、首都はベルモパンに遷都した。なお、最大の都市は以前の首都であった○○○シティである。北にメキシコと、西にグアテマラと国境を接し、南東にはホンジュラス湾を挟んでホンジュラスがあり、東はカリブ海に面する。\n,なお、カリブ海には島嶼部も存在し、サンゴ礁に恵まれ「カリブ海の宝石」と呼ばれている。○○○最大の島はアンバーグリス・キーで、これ以外に、ユカタン半島の海岸線に沿って約450の離島を領有し、リゾート地として知られる。\n,",,,,,,,,,,,,,,,,,,,,,
ペルー,https://upload.wikimedia.org/wikipedia/commons/thumb/c/cf/Flag_of_Peru.svg/130px-Flag_of_Peru.svg.png,https://ja.wikipedia.org/wiki/ペルー,",○○○共和国（○○○きょうわこく、ケチュア語: Piruw Republika、アイマラ語: Piruw Suyu）、通称○○○は、南アメリカ西部に位置する共和制国家。首都はリマ。\n,北にコロンビア、北西にエクアドル、東にブラジル、南東にボリビア、南にチリと国境を接し、西は太平洋に面する。\n,",,,,,,,,,,,,,,,,,,,,,
ベルギー,https://upload.wikimedia.org/wikipedia/commons/thumb/6/65/Flag_of_Belgium.svg/114px-Flag_of_Belgium.svg.png,https://ja.wikipedia.org/wiki/ベルギー,",○○○王国（○○○おうこく、蘭: Koninkrijk België、仏: Royaume de Belgique、独: Königreich Belgien）、通称 ○○○は、西ヨーロッパに位置する連邦立憲君主制国家。隣国のオランダ、ルクセンブルクと合わせてベネルクスと呼ばれる。\n,首都ブリュッセル首都圏地域は欧州連合（EU）の主要機関の多くが置かれているため「EUの首都」とも言われており、その通信・金融網はヨーロッパを越えて地球規模である。憲法上の首都は、19の基礎自治体からなるブリュッセル首都圏の自治体のひとつ、ブリュッセル市である。\n,",,,,,,,,,,,,,,,,,,,,,
ポーランド,https://upload.wikimedia.org/wikipedia/commons/thumb/1/12/Flag_of_Poland.svg/130px-Flag_of_Poland.svg.png,https://ja.wikipedia.org/wiki/ポーランド,",○○○共和国（○○○きょうわこく、波: Rzeczpospolita Polska [ʐɛt͡ʂpɔˈspɔlita ˈpɔlska] ジェチュポスポリタ・ポルスカ ）、通称○○○（波: Polska、ポルスカ）は、中央ヨーロッパに位置する共和制国家。欧州連合（EU）、北大西洋条約機構（NATO）の加盟国。首都はワルシャワ。\n,北はバルト海に面し、北東はロシアの飛地カリーニングラード州とリトアニア、東はベラルーシとウクライナ、南はチェコとスロバキア、西はドイツと国境を接する。\n,",,,,,,,,,,,,,,,,,,,,,
ボスニア・ヘルツェゴビナ,https://upload.wikimedia.org/wikipedia/commons/thumb/b/bf/Flag_of_Bosnia_and_Herzegovina.svg/150px-Flag_of_Bosnia_and_Herzegovina.svg.png,https://ja.wikipedia.org/wiki/ボスニア・ヘルツェゴビナ,",○○○は、東南ヨーロッパのバルカン半島北西部に位置する共和制国家。首都はサラエヴォ。ボシュニャク人とクロアチア人が主体の○○○連邦と、セルビア人中心のスルプスカ共和国の2つの構成体[4]からなる連邦国家でもある。両地域にまたがるブルチコ行政区は中央政府が直轄している[5]。\n,ほぼ三角形の国土を持ち、国境のうち北側と南西側2辺でクロアチア、東側1辺でセルビア、モンテネグロと接する。クロアチア領ダルマチアに挟まれたネウムでごくわずかにアドリア海に面する。\n,",,,,,,,,,,,,,,,,,,,,,
ボツワナ,https://upload.wikimedia.org/wikipedia/commons/thumb/f/fa/Flag_of_Botswana.svg/130px-Flag_of_Botswana.svg.png,https://ja.wikipedia.org/wiki/ボツワナ,",○○○共和国（○○○きょうわこく、英: Republic of Botswana）、通称○○○は、南部アフリカに位置する共和制国家。イギリス連邦加盟国である。南を南アフリカ共和国、西と北をナミビア、東をジンバブエ、北をザンビアに囲まれた内陸国である。首都はハボローネ。\n,国民の79パーセントがツワナ系民族で、公用語は英語とツワナ語である。面積は56.7万平方キロメートル。一院制国民議会が設置される共和制国家で、1966年の独立以来複数政党制を維持している[3]。\n,",,,,,,,,,,,,,,,,,,,,,
ボリビア,https://upload.wikimedia.org/wikipedia/commons/thumb/4/48/Flag_of_Bolivia.svg/130px-Flag_of_Bolivia.svg.png,https://ja.wikipedia.org/wiki/ボリビア,",○○○多民族国[3]（○○○たみんぞくこく、西: Estado Plurinacional de Bolivia、ケチュア語: Buliwiya Mama Llaqta、アイマラ語: Bulibiya Suyu）、通称○○○は、南アメリカ大陸西部にある立憲共和制国家。憲法上の首都はスクレだが、ラパスが実質的な首都機能を担っており[3]、議会をはじめとした政府主要機関が所在する。ラパスは標高3600メートル[3]で、世界で最も高所にある首都となっている[4]。\n,太平洋戦争で敗れてチリに太平洋海岸部の領土を奪われて以降は内陸国となっており[5]、南西はチリ、北西はペルー、北東はブラジル、南東はパラグアイ、南はアルゼンチンと国境を接する。\n,",,,,,,,,,,,,,,,,,,,,,
ポルトガル,https://upload.wikimedia.org/wikipedia/commons/thumb/5/5c/Flag_of_Portugal.svg/130px-Flag_of_Portugal.svg.png,https://ja.wikipedia.org/wiki/ポルトガル,",'○○○共和国（○○○きょうわこく、○○○語: República Portuguesa）、通称○○○は、南ヨーロッパのイベリア半島に位置する共和制国家。首都はリスボン。ユーラシア大陸最西端の国である。北と東にスペインと国境を接し、国境線の総延長は1,214kmに及ぶ。西と南は大西洋に面している。ヨーロッパ大陸部以外にも、大西洋上にアゾレス諸島とマデイラ諸島を領有している。\n',正式名称は○○○語で、República Portuguesa（[ʁɛˈpuβlikɐ puɾtuˈɣezɐ] レプーブリカ・プルトゥゲザ）。通称、Portugal （[puɾtuˈɣaɫ] プルトゥガル）。\n,",,,,,,,,,,,,,,,,,,,,,
ホンジュラス,https://upload.wikimedia.org/wikipedia/commons/thumb/8/82/Flag_of_Honduras.svg/150px-Flag_of_Honduras.svg.png,https://ja.wikipedia.org/wiki/ホンジュラス,",○○○共和国（○○○きょうわこく、スペイン語: República de Honduras）、通称○○○は、中央アメリカ中部にある共和制国家。西はグアテマラ、南西はエルサルバドル、南東はニカラグアと接しており、北と東はカリブ海、南はフォンセカ湾を経て太平洋に面している。\n,国境は、グアテマラとは1933年にアメリカ合衆国の仲裁により、エルサルバドルとは1992年、ニカラグアとは2007年の国際司法裁判所の裁定により確定した[6]。\n,",,,,,,,,,,,,,,,,,,,,,
マーシャル諸島,https://upload.wikimedia.org/wikipedia/commons/thumb/2/2e/Flag_of_the_Marshall_Islands.svg/146px-Flag_of_the_Marshall_Islands.svg.png,https://ja.wikipedia.org/wiki/マーシャル諸島,",○○○共和国（マーシャルしょとうきょうわこく）、通称○○○は、太平洋上に浮かぶ島国で、ミニ国家の一つ。島々を構成する多くが環礁で「真珠の首飾り」とも呼ばれる○○○全域を領土とする[2]。ミクロネシア連邦の東、キリバスの北に位置する。\n,29のサンゴ礁と5つの島で構成されており、東のラタクと西のラリクの2つの列島に分かれている。領土の約98%は水であり、主権国家の中で土地に対する水の割合が最も大きい[要出典]。北にウェーク島、南東にキリバス、南にナウル、西にミクロネシア連邦が位置する。首都で最大の都市はマジュロで、国の人口の約半分が住んでいる。\n,",,,,,,,,,,,,,,,,,,,,,
マダガスカル,https://upload.wikimedia.org/wikipedia/commons/thumb/b/bc/Flag_of_Madagascar.svg/130px-Flag_of_Madagascar.svg.png,https://ja.wikipedia.org/wiki/マダガスカル,",○○○共和国（○○○きょうわこく）、通称○○○は、アフリカ大陸の南東海岸部から沖へ約400キロメートル離れた西インド洋にある○○○島および周辺の島々からなる島国。首都はアンタナナリボである。\n,○○○島は、日本の国土面積の約1.6倍の広さを持つ、六大陸を除いた世界で4番目に大きな島。先史時代にゴンドワナ超大陸の分裂に伴いアフリカ大陸から分かれ、さらにその後の8800万年前ごろにインド亜大陸とも分離して形成された。他の大陸と生物種の往来が少ない孤立した状態が長く保たれたため、島内の生態系を構成する各生物種が独特の進化を遂げた。21世紀現在でも野生生物種の90パーセント以上が固有種という、生物多様性にとって重要な場所である。ところが、かようにユニークな生態系が特に20世紀に入って以降、急速な人口増加と無秩序な開発に伴う環境破壊により失われ始め、21世紀現在も深刻な危機に直面している。\n,",,,,,,,,,,,,,,,,,,,,,
マラウイ,https://upload.wikimedia.org/wikipedia/commons/thumb/d/d1/Flag_of_Malawi.svg/130px-Flag_of_Malawi.svg.png,https://ja.wikipedia.org/wiki/マラウイ,",○○○共和国（○○○きょうわこく）、通称○○○は、アフリカ大陸南東部に位置する共和制国家。イギリス連邦加盟国のひとつ。旧称ニヤサランド。首都はリロングウェである。北・北西はタンザニア、東・南・南西はモザンビーク、西はザンビアと国境を接している。\n,○○○はアフリカ大地溝帯に位置する内陸国で、アフリカではボツワナと並んで独立以来対外戦争や内戦を経験していない数少ない国でもある。「アフリカの温かい心（The Warm Heart of Africa）」という別称を持つ[3]。\n,",,,,,,,,,,,,,,,,,,,,,
マリ共和国,https://upload.wikimedia.org/wikipedia/commons/thumb/9/92/Flag_of_Mali.svg/130px-Flag_of_Mali.svg.png,https://ja.wikipedia.org/wiki/マリ共和国,",'座標: .mw-parser-output .geo-default,.mw-parser-output .geo-dms,.mw-parser-output .geo-dec{display:inline}.mw-parser-output .geo-nondefault,.mw-parser-output .geo-multi-punct,.mw-parser-output .geo-inline-hidden{display:none}.mw-parser-output .longitude,.mw-parser-output .latitude{white-space:nowrap}北緯17度 西経4度\ufeff / \ufeff北緯17度 西経4度\ufeff / 17; -4\n',○○○（マリきょうわこく、バンバラ語: Mali ka Fasojamana）、通称マリ（仏: Mali）は、西アフリカにある共和制国家。首都はバマコである[5]。\n,",,,,,,,,,,,,,,,,,,,,,
マルタ,https://upload.wikimedia.org/wikipedia/commons/thumb/7/73/Flag_of_Malta.svg/130px-Flag_of_Malta.svg.png,https://ja.wikipedia.org/wiki/マルタ,",""○○○共和国（○○○きょうわこく、○○○語:,Repubblika,'ta''',Malta、英語:,Republic,of,Malta）、通称○○○（Malta）は、南ヨーロッパの共和制国家。イギリス連邦および欧州連合（EU）の加盟国で、公用語は○○○語と英語、通貨はユーロ、首都はバレッタである。1964年にイギリスから独立し、2004年に欧州連合(EU),に加盟した。地中海中央部の複数の島からなる小さな島国で、人口は約44万人。いわゆるミニ国家の一つ。\n"",イタリアのシチリア島の南に位置し、面積は316km2で、東京23区の面積622.99km2の約半分の大きさで、人口は約44万人、人口密度は約1380人/km2である。主要な島は○○○島とゴゾ島、コミノ島の三つである。\n,",,,,,,,,,,,,,,
マレーシア,https://upload.wikimedia.org/wikipedia/commons/thumb/6/66/Flag_of_Malaysia.svg/150px-Flag_of_Malaysia.svg.png,https://ja.wikipedia.org/wiki/マレーシア,",○○○（マレー語: Malaysia、英: Malaysia）は、東南アジアに位置し、マレー半島南部およびボルネオ島北部からなる連邦立憲君主制国家。首都はクアラルンプール。\n,イギリス連邦加盟国のひとつ。タイ、インドネシア、ブルネイと陸上の国境線で接しており、シンガポール、フィリピンと海を隔てて近接する。ASEANの一員。\n,",,,,,,,,,,,,,,,,,,,,,
ミクロネシア連邦,https://upload.wikimedia.org/wikipedia/commons/thumb/e/e4/Flag_of_the_Federated_States_of_Micronesia.svg/146px-Flag_of_the_Federated_States_of_Micronesia.svg.png,https://ja.wikipedia.org/wiki/ミクロネシア連邦,",○○○（ミクロネシアれんぽう、英: Federated States of Micronesia、漢字表記：蜜克羅尼西亜連邦[3]）、通称ミクロネシアは、オセアニア・ミクロネシア地域に位置する共和制国家。首都はポンペイ島のパリキール。\n,マリアナ諸島の南東、パラオの東、マーシャル諸島の西、パプアニューギニアの北ないし北東にある。地理的には、カロリン諸島と呼ばれる。\n,",,,,,,,,,,,,,,,,,,,,,
南アフリカ共和国,https://upload.wikimedia.org/wikipedia/commons/thumb/a/af/Flag_of_South_Africa.svg/130px-Flag_of_South_Africa.svg.png,https://ja.wikipedia.org/wiki/南アフリカ共和国,",'○○○（みなみアフリカきょうわこく、英: Republic of South Africa, アフリカーンス語: Republiek van Suid-Afrika）、通称南アフリカは、アフリカ大陸最南部に位置する共和制国家。\n',北東でエスワティニ、モザンビーク、北でジンバブエ、ボツワナ、西でナミビアと国境を接し、内陸国レソトを四方から囲んでいる。北を除く三方は海で、アフリカ大陸最南端アガラス岬を境に東がインド洋、西が大西洋で、南インド洋のプリンス・エドワード諸島を領有する。\n,",,,,,,,,,,,,,,,,,,,,,
南部スーダン,https://upload.wikimedia.org/wikipedia/commons/thumb/7/7a/Flag_of_South_Sudan.svg/150px-Flag_of_South_Sudan.svg.png,https://ja.wikipedia.org/wiki/南部スーダン,",南スーダン共和国（みなみスーダンきょうわこく、英語: Republic of South Sudan）、通称 南スーダン は、東アフリカの国家。首都はジュバ。北はスーダン、東にエチオピア、南東をケニアとウガンダ、南西がコンゴ民主共和国、西は中央アフリカと国境を接する内陸国である。\n,2011年7月9日、スーダン共和国の南部10州が、アフリカ大陸54番目の国家として分離独立した[4]。2024年現在、国際連合が承認した中で一番新しい独立国である[5]。\n,",,,,,,,,,,,,,,,,,,,,,
ミャンマー,https://upload.wikimedia.org/wikipedia/commons/thumb/8/8c/Flag_of_Myanmar.svg/144px-Flag_of_Myanmar.svg.png,https://ja.wikipedia.org/wiki/ミャンマー,",○○○連邦共和国（○○○れんぽうきょうわこく、ビルマ語: ပြည်ထောင်စု သမ္မတ မြန်မာနိုင်ငံတော်[注 4]）、通称○○○は、東南アジアのインドシナ半島西部に位置する共和制国家。首都はネピドー（2006年まではヤンゴン）。\n,イギリスから独立した1948年から1989年までの国名はビルマ連邦、通称ビルマ。東南アジア諸国連合（ASEAN）加盟国、人口は5441万人（2021年）[1]。\n,",,,,,,,,,,,,,,,,,,,,,
メキシコ,https://upload.wikimedia.org/wikipedia/commons/thumb/f/fc/Flag_of_Mexico.svg/140px-Flag_of_Mexico.svg.png,https://ja.wikipedia.org/wiki/メキシコ,",○○○合衆国（○○○がっしゅうこく、スペイン語: Estados Unidos Mexicanos）、通称○○○は、北アメリカ南部に位置する連邦共和国（合衆国）。北にアメリカ合衆国と南東にグアテマラ、ベリーズと国境を接し、西は太平洋、東は○○○湾とカリブ海に面する。首都は○○○シティ。\n,○○○の人口は2020年時点で1億2893万人であり、スペイン語圏においてはもっとも人口の多い国である。国内総生産（GDP）は、ラテンアメリカ地域においてはブラジルに次いで第2位に位置する。人口は増加傾向であり、2019年統計で日本を抜いて世界10位となった。徐々に9位のロシアやバングラデシュに迫ってきていて数年後には7位になると予想されている。\n,",,,,,,,,,,,,,,,,,,,,,
モーリシャス,https://upload.wikimedia.org/wikipedia/commons/thumb/7/77/Flag_of_Mauritius.svg/130px-Flag_of_Mauritius.svg.png,https://ja.wikipedia.org/wiki/モーリシャス,",○○○共和国（○○○きょうわこく）、通称○○○は、イギリス連邦加盟国の1つで、首都はポートルイスと定められている。インド洋のマスカレン諸島に位置する共和国ながら、アフリカの国家の1つに数えられている。民族構成は多様だが、19世紀にサトウキビ農園の労働力として移入されたインド系住民が過半数を占める。\n,'正式名称は英語で Republic of Mauritius、通称 Mauritius（[mɔːˈrɪʃɪəs, məˈrɪʃəs]\xa0( 音声ファイル)、○○○）。フランス語で République de Maurice、通称 Maurice（モーリス）。○○○・クレオール語で Republik Moris、通称 Moris（モーリス）。\n',",,,,,,,,,,,,,,,,,,,,,
モーリタニア,https://upload.wikimedia.org/wikipedia/commons/thumb/4/43/Flag_of_Mauritania.svg/130px-Flag_of_Mauritania.svg.png,https://ja.wikipedia.org/wiki/モーリタニア,",○○○・イスラム共和国（○○○・イスラムきょうわこく、アラビア語: الجمهورية الإسلامية الموريتانية\u200e）、通称○○○は、アフリカ北西部に位置する共和制国家。\n北西に西サハラ（サハラ・アラブ民主共和国）、北東にアルジェリア、東と南にマリ、南西にセネガルと国境を接し、西は大西洋に面する。\n大西洋沖の西にはカーボベルデが存在する。\n首都はヌアクショットである。\n2015年の人口は約406.8万人。\n,アフリカ世界とアラブ世界の一員であり、アフリカ連合とアラブ連盟に加盟している。アラブ・マグリブ連合にも加盟しており、広義のマグリブ諸国に含まれる。\n,",,,,,,,,,,,,,,,,,,,,,
モザンビーク,https://upload.wikimedia.org/wikipedia/commons/thumb/d/d0/Flag_of_Mozambique.svg/130px-Flag_of_Mozambique.svg.png,https://ja.wikipedia.org/wiki/モザンビーク,",○○○共和国（○○○きょうわこく）、通称○○○は、アフリカ大陸南東部に位置する共和制国家。南に南アフリカ共和国、南西をエスワティニ、西にジンバブエ、北西にザンビアとマラウイ、北はタンザニアと国境を接する。東はインド洋で、○○○海峡内や対岸にマダガスカルとコモロ、フランス領のマヨットおよび無人島群の一部が存在する。首都はマプトである。\n,国土面積は約79万9000平方キロメートル（日本のおよそ2倍）、人口は約3036万人で増加傾向にある[3]。\n,",,,,,,,,,,,,,,,,,,,,,
モナコ,https://upload.wikimedia.org/wikipedia/commons/thumb/e/ea/Flag_of_Monaco.svg/119px-Flag_of_Monaco.svg.png,https://ja.wikipedia.org/wiki/モナコ,",○○○公国[注 1]（○○○こうこく、プランシポテ・ドゥ・○○○、フランス語: Principauté de Monaco）、○○○（Monaco）は、イタリアのリグーリア州に隣接するコート・ダジュールに位置する西ヨーロッパの主権都市国家、ミニ国家である。北、東、西はフランスと国境を接し、南は地中海に面している。\n,世界で最も物価が高く、裕福な場所のひとつとして広く知られている。公用語はフランス語であるが、○○○語（リグリア語の方言）、イタリア語、英語も話されており、多くの人が理解している。\n,",,,,,,,,,,,,,,,,,,,,,
モルディブ,https://upload.wikimedia.org/wikipedia/commons/thumb/0/0f/Flag_of_Maldives.svg/130px-Flag_of_Maldives.svg.png,https://ja.wikipedia.org/wiki/モルディブ,",""○○○共和国（○○○きょうわこく、ディベヒ語:,ދިވެހިރާއްޖޭގެ,ޖުމްހޫރިއްޔާ\u200e,Dhivehi,'Raa''jeyge',Jumhooriyya、英語:,Republic,of,Maldives,3,）、通称○○○は、インド洋上の○○○諸島を領土とする島国。インドとスリランカの南西に点在する1,192の島から構成される,3,。いずれも小さな島や環礁であり、国土面積の合計は298平方キロメートル,3,。首都はマレ,3,。人口は約51万人。タックス・ヘイブンであり、人口のうち外国人が13万人以上を占める,3,。\n"",温暖で過ごしやすく、開発が進んでいないため自然に溢れており、「アジアの楽園」とも称される[誰によって?]。\n,",,
モルドバ,https://upload.wikimedia.org/wikipedia/commons/thumb/2/27/Flag_of_Moldova.svg/150px-Flag_of_Moldova.svg.png,https://ja.wikipedia.org/wiki/モルドバ,",○○○共和国（○○○きょうわこく、ルーマニア語: Republica Moldova）、通称○○○、モルドヴァ（Moldova [molˈdova]\xa0( 音声ファイル)）は、東ヨーロッパの共和制国家[1]。\n,首都はキシナウ。西はルーマニア、北・東・南はウクライナと国境を接し、面積は3万3851平方キロメートルを持つ内陸国である[1]。\n,",,,,,,,,,,,,,,,,,,,,,
モロッコ,https://upload.wikimedia.org/wikipedia/commons/thumb/2/2c/Flag_of_Morocco.svg/130px-Flag_of_Morocco.svg.png,https://ja.wikipedia.org/wiki/モロッコ,",○○○王国（○○○おうこく、アラビア語: المملكة المغربية\u200e、ベルベル語: ⵜⴰⴳⵍⴷⵉⵜ ⵏ ⵍⵎⵖⵔⵉⴱ）、通称○○○は、北アフリカ北西部のマグリブに位置する立憲君主制の国家である。東でアルジェリアと、南で西サハラ（紛争地域）と、北でスペインの飛地（セウタとメリリャ）と接し、西は大西洋に、北は地中海に面している。首都はラバトである。\n,'南に接する西サハラはスペインが放棄後、○○○と現地住民による亡命政府であるサハラ・アラブ民主共和国の両国が領有権を主張している。○○○は西サハラの約7.5割を実効支配しているが、領有を承認しているのはアメリカ合衆国をはじめとした50か国程度にとどまり、国際的には広く認められていない（西サハラの法的地位（英語版）を参照）。実効支配下を含めた面積は約604,107\xa0km2（うち[6]、西サハラ部分が190,100\xa0km2）、人口は33,848,242人（2014年国勢調査[7]）。\n',",,,,,,,,,,,,,,,,,,,,,
モンゴル,https://upload.wikimedia.org/wikipedia/commons/thumb/4/4c/Flag_of_Mongolia.svg/150px-Flag_of_Mongolia.svg.png,https://ja.wikipedia.org/wiki/モンゴル,",'○○○国（○○○こく、○○○語: Монгол Улс,.mw-parser-output .font-mong{font-family:""Menk Hawang Tig"",""Menk Qagan Tig"",""Menk Garqag Tig"",""Menk Har_a Tig"",""Menk Scnin Tig"",""Oyun Gurban Ulus Tig"",""Oyun Qagan Tig"",""Oyun Garqag Tig"",""Oyun Har_a Tig"",""Oyun Scnin Tig"",""Oyun Agula Tig"",""Mongolian Baiti"",""Noto Sans Mongolian"",""Mongolian Universal White"",""Mongol Usug"",""Mongolian White"",""MongolianScript"",""Code2000"",""Menksoft Qagan""}.mw-parser-output .font-mong-mnc,.mw-parser-output .font-mong:lang(mnc-Mong),.mw-parser-output .font-mong:lang(dta-Mong),.mw-parser-output .font-mong:lang(sjo-Mong){font-family:""Abkai Xanyan"",""Abkai Xanyan LA"",""Abkai Xanyan VT"",""Abkai Xanyan XX"",""Abkai Xanyan SC"",""Abkai Buleku"",""Daicing White"",""Mongolian Baiti"",""Noto Sans Mongolian"",""Mongolian Universal White""}ᠮᠣᠩᠭᠣᠯᠤᠯᠤᠰ）は、東アジア北部にある共和制国家。首都はウランバートル。東と南の二方向を中華人民共和国、北をロシアとそれぞれ接する内陸国である[3]。○○○高原のうち、外蒙古（がいもうこ、そともうこ）と呼ばれたゴビ砂漠以北の一帯にほぼ該当する領域を国土とし、国連加盟国の中で人口密度が最も低い国である。\n',正式名称は、○○○語（キリル文字）表記で Монгол Улс（○○○・オルス）、ラテン文字転写は Mongol Uls。\n,",,,,,,,,,,,,,,,,,,,,,
モンテネグロ,https://upload.wikimedia.org/wikipedia/commons/thumb/6/64/Flag_of_Montenegro.svg/150px-Flag_of_Montenegro.svg.png,https://ja.wikipedia.org/wiki/モンテネグロ,",○○○（Montenegro、○○○語: Crna Gora、Црна Гора）は、東南ヨーロッパ、バルカン半島に位置する共和制国家。首都はポドゴリツァ[3]（旧憲法ではツェティニェ[4]）。南はアドリア海に臨み、北西をクロアチアのドゥブロヴニクとボスニア・ヘルツェゴビナ、北東をセルビアのサンジャク地方、南東をアルバニア、東部をコソボと接する。\n,同国は、21世紀に独立を果たした国家の一つに数えられている。前身はユーゴスラビア紛争によるユーゴスラビア社会主義連邦共和国の解体によって成立したユーゴスラビア連邦共和国（1992年-2003年）およびセルビア・○○○（2003年-2006年）を構成する2つの共和国のうちのひとつ、○○○共和国であった。\n,",,,,,,,,,,,,,,,,,,,,,
ヨルダン,https://upload.wikimedia.org/wikipedia/commons/thumb/c/c0/Flag_of_Jordan.svg/150px-Flag_of_Jordan.svg.png,https://ja.wikipedia.org/wiki/ヨルダン,",'○○○・ハシミテ王国（○○○・ハシミテおうこく、アラビア語: المملكة الأردنيّة الهاشميّة, ラテン文字転写: al-Mamlakah al-Urdunniyyah Al-Hāshimiyyah; 英語: Hashemite Kingdom of Jordan）、通称○○○は、中東・西アジアに位置する、立憲君主制の王国である。首都はアンマン。イスラエル、パレスチナ国、サウジアラビア、イラク、シリアと隣接する。イスラエルやパレスチナ暫定自治区とは、○○○川と死海が国境である。国土南端のアカバでわずかながら海（アカバ湾）に接する。\n',イスラームの預言者ムハンマドの従弟アリーとムハンマドの娘ファーティマの夫妻に遡るハーシム家出身の国王が世襲統治する。\n,",,,,,,,,,,,,,,,,,,,,,
ラオス,https://upload.wikimedia.org/wikipedia/commons/thumb/5/56/Flag_of_Laos.svg/130px-Flag_of_Laos.svg.png,https://ja.wikipedia.org/wiki/ラオス,",""○○○人民民主共和国,4,（○○○じんみんみんしゅきょうわこく、ラーオ語:,ສາທາລະນະລັດ,ປະຊາທິປະໄຕ,ປະຊາຊົນລາວ、英語:,Lao,'People''s',Democratic,Republic,4,）、通称○○○は、東南アジアのインドシナ半島に位置する共和制国家。ASEAN加盟国、フランコフォニー国際機関参加国である。通貨はキープ、人口約733万人,5,、首都はヴィエンチャン。\n"",ASEAN加盟10カ国中、唯一の内陸国。面積は日本の約63%に相当し、国土の約70％は高原や山岳地帯である[6]。北は中国、東はベトナム、南はカンボジア、南西はタイ、西はミャンマーと国境を接する。計画経済から社会主義市場経済に移行したが、○○○人民革命党による一党独裁が続いている。\n,",,,,,,,,
ラトビア,https://upload.wikimedia.org/wikipedia/commons/thumb/8/84/Flag_of_Latvia.svg/150px-Flag_of_Latvia.svg.png,https://ja.wikipedia.org/wiki/ラトビア,",○○○共和国（○○○きょうわこく、○○○語: Latvijas Republika）、通称○○○は、北ヨーロッパの共和制国家[3]。面積約6.5万\xa0km2、人口約189万人（2021年1月時点）、首都はリガ[4]。フィンランド、エストニア、リトアニアなどとともにバルト海東岸に位置する国の一つである。北隣のエストニア、南隣のリトアニアを含めたバルト三国[5]は1940年にソビエト連邦に占領・併合され、ソ連崩壊に伴い独立「回復」を宣言した（○○○は1990年5月[4]）。2004年に北大西洋条約機構（NATO）と欧州連合（EU）に加盟、2014年に通貨ユーロ導入[4]。2016年に経済協力開発機構（OECD）加盟国となった[4]。\n,国境は、北はエストニア、南はリトアニア、東はロシア、南東はベラルーシと接する。国連の分類では北ヨーロッパの国である[6]。首都のリガは港湾都市で、バルト海クルーズの主な寄港地の一つでもある。\n,",,,,,,,,,,,,,,,,,,,,,
リトアニア,https://upload.wikimedia.org/wikipedia/commons/thumb/1/11/Flag_of_Lithuania.svg/137px-Flag_of_Lithuania.svg.png,https://ja.wikipedia.org/wiki/リトアニア,",○○○共和国（○○○きょうわこく、○○○語: Lietuvos Respublika）、通称○○○（○○○語: Lietuva）は、北ヨーロッパの共和制国家[5]。首都はヴィリニュス[6]。フィンランド、エストニア、ラトビアなどとともにバルト海東岸に位置する国の一つである。バルト三国の中では最も南に位置する。ソビエト連邦の崩壊に伴い独立を回復後、2004年に欧州連合（EU）そして北大西洋条約機構（NATO）に加盟、通貨は2015年よりユーロ導入、2018年に経済協力開発機構（OECD）に加盟した。\n,西はバルト海に面し、国境は、北はラトビア、東はベラルーシ、南はポーランド、南西はロシアの飛び地カリーニングラード州と接する。面積は、北海道本島の面積約7.8万\xa0km2の約84％となる6.53万\xa0km2である。\n,",,,,,,,,,,,,,,,,,,,,,
リビア,https://upload.wikimedia.org/wikipedia/commons/thumb/0/05/Flag_of_Libya.svg/150px-Flag_of_Libya.svg.png,https://ja.wikipedia.org/wiki/リビア,",'○○○国（アラビア語: دولة ليبيا\u200e, Dawlat Lībyā、英語: State of Libya）、通称○○○（リービヤー、ليبيا, Lībiyā、Libya）は、北アフリカに位置する共和制国家。東にエジプト、南東にスーダン、南にチャドとニジェール、西にアルジェリア、北西にチュニジアと国境を接し、北は地中海に面し、海を隔てて旧宗主国のイタリアが存在する。首都はトリポリである。\n',現在は臨時政府となっており、以前の独裁的なカダフィ体制が崩壊してからは内戦が続き、統一政府が成立したものの事実上国家は分裂状態にある。\n,",,,,,,,,,,,,,,,,,,,,,
リヒテンシュタイン,https://upload.wikimedia.org/wikipedia/commons/thumb/4/47/Flag_of_Liechtenstein.svg/137px-Flag_of_Liechtenstein.svg.png,https://ja.wikipedia.org/wiki/リヒテンシュタイン,",○○○公国（○○○こうこく、独: Fürstentum Liechtenstein）、通称○○○は、西ヨーロッパの立憲君主制国家[6]。スイスとオーストリアに囲まれた国であり、ミニ国家の一つである。首都はファドゥーツ。欧州自由貿易連合（EFTA）加盟国。\n,正式名称は公用語のドイツ語で Fürstentum Liechtenstein（ドイツ語発音:\xa0[ˈfʏʁstn̩tuːm ˈlɪçtn̩ʃtaɪn] フュルステントゥーム・○○○）、Liechtenstein と表記する。公式の英語表記は Principality of Liechtenstein（プリンシパリティ・オヴ・リクテンスタイン）、略称、Liechtenstein。日本政府（外務省）による日本語表記は○○○公国（略称：○○○（リヒテンスタイン））。後述のように「○○○侯国」を正しい訳語とする主張もある[7]。○○○公国がある現地のアレマン語（○○○方言）では、Förschtatum Liachtaschta（フェアシュタツーム・リアハタシュタ）と表記される。英語表記で国名・形容詞とも Liechtenstein、国民は Liechtensteiner。\n,",,,,,,,,,,,,,,,,,,,,,
リベリア,https://upload.wikimedia.org/wikipedia/commons/thumb/b/b8/Flag_of_Liberia.svg/146px-Flag_of_Liberia.svg.png,https://ja.wikipedia.org/wiki/リベリア,",○○○共和国（○○○きょうわこく）、通称○○○は、西アフリカにある共和制国家。北はギニア、西はシエラレオネ、東はコートジボワールと国境を接し、南は大西洋に面する。首都はモンロビア。\n,アメリカ合衆国で解放された黒人奴隷によって建国され、1847年に独立し、現在のアフリカの中ではエチオピアに次いで古い国である。\n,",,,,,,,,,,,,,,,,,,,,,
ルーマニア,https://upload.wikimedia.org/wikipedia/commons/thumb/7/73/Flag_of_Romania.svg/130px-Flag_of_Romania.svg.png,https://ja.wikipedia.org/wiki/ルーマニア,",○○○（羅: România）は、東ヨーロッパ、バルカン半島東部に位置する共和制国家。首都はブカレスト。南西にセルビア、北西にはハンガリー、北がウクライナ、北東をモルドバ、南にブルガリアと国境を接し、東は黒海に面している。\n,国土の中央をほぼ逆L字のようにカルパティア山脈が通り、山脈に囲まれた北西部の平原のトランシルヴァニア、ブルガリアに接するワラキア、モルドバに接するモルダヴィア、黒海に面するドブロジャの4つの地方に分かれている。\n,",,,,,,,,,,,,,,,,,,,,,
ルクセンブルク,https://upload.wikimedia.org/wikipedia/commons/thumb/d/da/Flag_of_Luxembourg.svg/137px-Flag_of_Luxembourg.svg.png,https://ja.wikipedia.org/wiki/ルクセンブルク,",○○○大公国（○○○たいこうこく、○○○語: Groussherzogtum Lëtzebuerg、仏: Grand-Duché de Luxembourg、独: Großherzogtum Luxemburg）、通称○○○は、西ヨーロッパに位置する立憲君主制国家である[1]。議院内閣制の大公国。首都は○○○市。\n,南はフランス、西と北はベルギー、東はドイツに隣接している。また、ベルギー、オランダの2か国とあわせてベネルクスとも呼ばれる。\n,",,,,,,,,,,,,,,,,,,,,,
ルワンダ,https://upload.wikimedia.org/wikipedia/commons/thumb/1/17/Flag_of_Rwanda.svg/130px-Flag_of_Rwanda.svg.png,https://ja.wikipedia.org/wiki/ルワンダ,",○○○共和国（○○○きょうわこく）、通称○○○は、東アフリカにある共和制国家。内陸国であり、西はコンゴ民主共和国、北はウガンダ、東はタンザニア、南はブルンジと国境を接する。首都はキガリ[3]。イギリス連邦、東アフリカ共同体[4]、アフリカ連合などの加盟国である。\n,アフリカで最も人口密度が高い国である[5]。\n,",,,,,,,,,,,,,,,,,,,,,
レソト,https://upload.wikimedia.org/wikipedia/commons/thumb/4/4a/Flag_of_Lesotho.svg/130px-Flag_of_Lesotho.svg.png,https://ja.wikipedia.org/wiki/レソト,",○○○王国（○○○おうこく、ソト語: Muso oa Lesotho IPA:\xa0[lɪˈsʊːtʰʊ]、英語: Kingdom of Lesotho [ləˈsuːtuː]\xa0( 音声ファイル)）、通称○○○は、アフリカ南部に位置する立憲君主制国家。イギリス連邦加盟国のひとつ。周囲を南アフリカ共和国に囲まれた世界最南の内陸国で、首都はマセルである。1966年にイギリスから独立した。英領時代の旧称はバストランド。非同盟中立を宣言している。\n,「○○○」とは、「ソト語を話す人々」という意味である。イギリス保護領時代はバストランド保護領と呼ばれていたが、独立と同時に○○○へと改称した。\n,",,,,,,,,,,,,,,,,,,,,,
レバノン,https://upload.wikimedia.org/wikipedia/commons/thumb/5/59/Flag_of_Lebanon.svg/130px-Flag_of_Lebanon.svg.png,https://ja.wikipedia.org/wiki/レバノン,",○○○共和国（○○○きょうわこく、アラビア語: الجمهورية اللبنانية\u200e）、通称○○○は、中東のレバントに位置する共和制国家[4][5][6][7]。首都はベイルート。北と東ではシリアと、南ではイスラエルと国境を接し、西には地中海を挟んでキプロスがある。\n,○○○は地中海盆地とアラビア内陸部の交差点に位置することから、豊かな歴史を持ち、宗教的・民族的な多様性を持つ文化的アイデンティティを形成してきた[8]。○○○の面積は1万452平方キロメートル[1]で、アジアの大陸側にある主権国家としては最も小さい。\n,",,,,,,,,,,,,,,,,,,,,,
ロシア,https://upload.wikimedia.org/wikipedia/commons/thumb/f/f3/Flag_of_Russia.svg/130px-Flag_of_Russia.svg.png,https://ja.wikipedia.org/wiki/ロシア,",○○○連邦（○○○れんぽう、○○○語: Российская Федерация）、通称○○○（○○○語: Россия）は、ユーラシア大陸北部に位置する連邦共和制国家である。首都はモスクワ[3]。\n,'国土は旧○○○帝国およびソビエト連邦の大半を引き継いでおり、ヨーロッパからシベリア・極東におよぶ。面積は17,090,000  km2（平方キロメートル）以上と世界最大である[4]。\n',",,,,,,,,,,,,,,,,,,,,,
